-- MySQL dump 10.16  Distrib 10.1.31-MariaDB, for Win32 (AMD64)
--
-- Host: localhost    Database: defesacivil
-- ------------------------------------------------------
-- Server version	10.1.31-MariaDB

/*!40101 SET @OLD_CHARACTER_SET_CLIENT=@@CHARACTER_SET_CLIENT */;
/*!40101 SET @OLD_CHARACTER_SET_RESULTS=@@CHARACTER_SET_RESULTS */;
/*!40101 SET @OLD_COLLATION_CONNECTION=@@COLLATION_CONNECTION */;
/*!40101 SET NAMES utf8 */;
/*!40103 SET @OLD_TIME_ZONE=@@TIME_ZONE */;
/*!40103 SET TIME_ZONE='+00:00' */;
/*!40014 SET @OLD_UNIQUE_CHECKS=@@UNIQUE_CHECKS, UNIQUE_CHECKS=0 */;
/*!40014 SET @OLD_FOREIGN_KEY_CHECKS=@@FOREIGN_KEY_CHECKS, FOREIGN_KEY_CHECKS=0 */;
/*!40101 SET @OLD_SQL_MODE=@@SQL_MODE, SQL_MODE='NO_AUTO_VALUE_ON_ZERO' */;
/*!40111 SET @OLD_SQL_NOTES=@@SQL_NOTES, SQL_NOTES=0 */;

--
-- Table structure for table `bairro`
--

DROP TABLE IF EXISTS `bairro`;
/*!40101 SET @saved_cs_client     = @@character_set_client */;
/*!40101 SET character_set_client = utf8 */;
CREATE TABLE `bairro` (
  `id` int(11) NOT NULL AUTO_INCREMENT,
  `nome` varchar(255) DEFAULT NULL,
  `regiao_id` int(11) DEFAULT NULL,
  PRIMARY KEY (`id`),
  KEY `FK6ol6kyrje8uedj08f4uixslre` (`regiao_id`)
) ENGINE=MyISAM AUTO_INCREMENT=340 DEFAULT CHARSET=latin1;
/*!40101 SET character_set_client = @saved_cs_client */;

--
-- Dumping data for table `bairro`
--

LOCK TABLES `bairro` WRITE;
/*!40000 ALTER TABLE `bairro` DISABLE KEYS */;
INSERT INTO `bairro` VALUES (1,'Águas da Prata',1),(2,'Águas do Canindu',3),(3,'Alto da Ponte',3),(4,'Altos da Vila Paiva',3),(5,'Araújo',1),(6,'Bairrinho',1),(7,'Bairro Cajurú',1),(8,'Bairro dos Ferreiras',3),(9,'Bairro dos Pinheiros',5),(10,'Martins Guimarães',1),(11,'Mato Dentro',1),(12,'Serimbura',5),(13,'Banhado',3),(14,'Beira Rio',2),(15,'Bica d\'Água',1),(16,'Bom Retiro',1),(17,'Bosque dos Eucaliptos',4),(18,'Bosque dos Ipês',4),(19,'Bosque Imperial',2),(20,'Buquirinha',3),(21,'Caête',3),(22,'Cambucá',1),(23,'Campo dos Alemães',4),(24,'Campos de São José',1),(25,'Capão Grosso',1),(26,'Capão Grosso II',1),(27,'Capitingal',4),(28,'Caramujo',4),(29,'Castanheira II',1),(30,'B_Central',5),(31,'Chácara Boa Esperança',1),(32,'Chácara Capão Grosso',1),(33,'Chácara dos Eucaliptos',5),(34,'Chácara Majestic',1),(35,'Chácara Pousada do Vale',1),(36,'Chácara Santa Luzia',1),(37,'Chácara São Vicente',1),(38,'Chácara Sítio Jataí',1),(39,'Chácaras Reunidas',4),(40,'Cidade Morumbi',4),(41,'Cidade Vista Verde',1),(42,'Colinas do Parahyba',3),(43,'Condomínio Floresta',1),(44,'Conj. Hab. Dom Pedro I',4),(45,'Conj. Hab. Dom Pedro II',4),(46,'Conj. Hab. Elmano F. Veloso',4),(47,'Conj. Hab. Intervale',1),(48,'Conj. Hab. São Geraldo',3),(49,'Conj. Hab. São José',1),(50,'Conj. Hab. Vale dos Pinheiros',5),(51,'Conj. Hab. Vila Tatetuba',1),(52,'Conj. Integração',1),(53,'Conj. Res. 31 de Março',4),(54,'Conj. Res. Cidade Jardim',4),(55,'Conj. Res. Jardim das Flores',1),(56,'Conj. Res. JK',1),(57,'Conj. Res. Monte Castelo',5),(58,'Conj. Res. Morada do Sol',4),(59,'Conj. Res. Morumbi',4),(60,'Conj. Res. Nova Cristina',3),(61,'Conj. Res. Papa João Paulo II',4),(62,'Conj. Res. Parque das Américas',1),(63,'Conj. Res. Planalto',1),(64,'Conj. Res. Primavera',4),(65,'Conj. Res. Recanto dos Eucaliptos',4),(66,'Conj. Res. Recanto dos Pinheiros',4),(67,'Conj. Res. Sol Nascente',4),(68,'Ebenezer',1),(69,'Espelho d\'Água',3),(70,'Eugênio de Melo',1),(71,'Favela Vila Nova Esperança',5),(72,'Favela Vila Rhodia',3),(73,'Fazenda Bom Retiro',1),(74,'Fazenda Honda',1),(75,'Fazenda Jataí',3),(76,'Fazenda Nossa Senhora da Conceição',1),(77,'Fazenda Pilão Arcado',1),(78,'Fazenda Taira',1),(79,'Fazenda Takanashi',1),(80,'Fazenda Toninho Ferreira',1),(81,'Fazenda Vila Franca',1),(82,'Floradas de São José',4),(83,'Frei Galvão',1),(84,'Hawai',3),(85,'Jaguariuna Norte/',2),(86,'Jardim Aeroporto',4),(87,'Jardim Altos de Santana',3),(88,'Jardim Altos do Esplanada',2),(89,'Jardim Alvorada',2),(90,'Jardim América',4),(91,'Jardim Americano',1),(92,'Jardim Anchieta',3),(93,'Jardim Anhembi',4),(94,'Jardim Aparecida',5),(95,'Jardim Apolo I',5),(96,'Jardim Apolo II',5),(97,'Residencial Jardim Aquarius',2),(98,'Jardim Augusta',5),(99,'Jardim Azevedo',5),(100,'Jardim Bandeirantes',5),(101,'Jardim Bela Vista',5),(102,'Jardim Boa Vista',3),(103,'Jardim Brasília',1),(104,'Jardim Cassiano Ricardo',2),(105,'Jardim Castanheiras',1),(106,'Jardim Cerejeiras',1),(107,'Jardim das Colinas',2),(108,'Jardim Colonial',4),(109,'Jardim Copacabana',1),(110,'Jardim Coqueiro',1),(111,'Jardim Corinthians',5),(112,'Jardim Cruzeiro do',4),(113,'Jardim das Azaléias',4),(114,'Jardim das Indústrias',2),(115,'Jardim das Paineiras I',1),(116,'Jardim Del Rey',4),(117,'Jardim Diamante',1),(118,'Jardim do Céu',4),(119,'Jardim dos Bandeirantes',4),(120,'Jardim Esplanada',5),(121,'Jardim Esplanada II',5),(122,'Jardim Estoril',4),(123,'Jardim Frei Leopoldo',5),(124,'Jardim Guimarães',3),(125,'Jardim Helena',1),(126,'Jardim Imperial',4),(127,'Jardim Ipê',1),(128,'Jardim Ismênia',1),(129,'Jardim Itapuã',1),(130,'Jardim Jaci',3),(131,'Jardim Juliana',4),(132,'Jardim Jussara',5),(133,'Jardim Madureira',4),(134,'Jardim Maracanã',1),(135,'Jardim Margareth',5),(136,'Jardim Mariana',1),(137,'Jardim Mariana II',1),(138,'Jardim Maringá',5),(139,'Jardim Maritéia',3),(140,'Jardim Matarazzo',5),(141,'Jardim Mesquita',4),(142,'Jardim Motorama',1),(143,'Jardim Nossa Senhora de Fátima',5),(144,'Jardim Nova América',5),(145,'Jardim Nova Detroit',1),(146,'Jardim Nova Europa',5),(147,'Jardim Nova Flórida',1),(148,'Jardim Nova Michigan',1),(149,'Jardim Nova Paulicéia',3),(150,'Jardim Nova República',4),(151,'Jardim Olímpia',1),(152,'Jardim Oriental',4),(153,'Jardim Oriente',4),(154,'Jardim Oswaldo Cruz',5),(155,'Jardim Ouro Preto',3),(156,'Jardim Paraíso',4),(157,'Jardim Paraíso do Sol',1),(158,'Jardim Pararangaba',1),(159,'Jardim Paulista',5),(160,'Jardim Petrópolis',4),(161,'Jardim Pôr do Sol',2),(162,'Jardim Portugal',4),(163,'Jardim Renata',5),(164,'Jardim República',4),(165,'Jardim Rosário',4),(166,'Jardim San Rafael',1),(167,'Jardim Santa Edwiges',4),(168,'Jardim Santa Inês I',1),(169,'Jardim Santa Inês II',1),(170,'Jardim Santa Inês III',1),(171,'Jardim Santa Lúcia',1),(172,'Jardim Santa Madalena',5),(173,'Jardim Santa Maria',1),(174,'Jardim Santa Matilde',3),(175,'Jardim Santos Dumont',5),(176,'Jardim São Dimas',5),(177,'Jardim São Jorge',1),(178,'Jardim São José',1),(179,'Jardim São Vicente',1),(180,'Jardim Satélite',4),(181,'Jardim',4),(182,'Jardim Telespark',3),(183,'Jardim Terras do S.',4),(184,'Jardim Topázio',5),(185,'Jardim Três José',1),(186,'Jardim Universo',1),(187,'Jardim Vale do Sol',4),(188,'Jardim Vale Paraíso',5),(189,'Jardim Valparaíba',1),(190,'Jardim Veneza',4),(191,'Limoeiro',2),(192,'Mantiqueira I',1),(193,'Mantiqueira II',1),(194,'Maravilhas do Cajuru',1),(195,'Miranda',3),(196,'Mirante I',1),(197,'Mirante II',1),(198,'Monte Castelo',5),(199,'Morada do Fênix',1),(200,'Morada do Sol',1),(201,'Nossa Senhora do Bom Retiro',1),(202,'Nova Michigan II',1),(203,'Nova Michigan III',1),(204,'Nova Michigan IV',1),(205,'Oliveiras',3),(206,'Palmeiras de São José',4),(207,'Parque dos Ipês',4),(208,'Parque Independência',4),(209,'Parque Industrial',4),(210,'Parque Interlagos',4),(211,'Parque Nova Esperança',1),(212,'Parque Novo Horizonte',1),(213,'Parque Residencial Aquarius',2),(214,'Parque Residencial União',4),(215,'Pernambucana de Baixo',4),(216,'Pinheirinho',4),(217,'Portal do Céu',1),(218,'Pousada do Vale',1),(219,'Primavera I',1),(220,'Primavera II',1),(221,'Projeto Torrão de Ouro',4),(222,'Quinta das Flores',4),(223,'Recanto Caetê',3),(224,'Recanto do Vale',1),(225,'Recanto dos Lagos',1),(226,'Renascer I',1),(227,'Renascer II',1),(228,'Res. Altos do Bosque',4),(229,'Res. Ana Maria',1),(230,'Res. Armando Moreira Righi',1),(231,'Res. da Ribeira',1),(232,'Res. De Ville',4),(233,'Res. Dom Bosco',1),(234,'Res. Esplanada do Sol',5),(235,'Res. Galo Branco',1),(236,'Res. Gazzo',4),(237,'Res. Jardins',4),(238,'Res. Martins Pereira',5),(239,'Res. San Marino',4),(240,'Res. Sunset Park',2),(241,'Res. Vista Linda',1),(242,'Ressaca',1),(243,'Rhodia',3),(244,'Rio Comprido',4),(245,'Royal Park',2),(246,'Santa Cecília I',1),(247,'Santa Cecília II',1),(248,'Santa Helena',1),(249,'Santa Hermínia',1),(250,'Santa Maria I',1),(251,'Santa Rita',1),(252,'Santana',3),(253,'São Francisco Xavier',3),(254,'São Sebastião',3),(255,'Serrote',1),(256,'Sítio Encantado',1),(257,'Terra Nova',1),(258,'Terrinha',4),(259,'Torrão de Ouro',4),(260,'Torrão de Ouro I',4),(261,'Torrão de Ouro II',4),(262,'Urbanova',2),(263,'Vargem Grande',3),(264,'Vila Abel',5),(265,'Vila Ady\'Ana',5),(266,'Vila Alexandrina',3),(267,'Vila Betânia',5),(268,'Vila Cândida',3),(269,'Vila Cardoso',5),(270,'Vila César',3),(271,'Vila Chiquinha',3),(272,'Vila Cristina',3),(273,'Vila das Acácias',4),(274,'Vila Dirce',3),(275,'Vila do Carmo',3),(276,'Vila do Pena',3),(277,'Vila Ema',5),(278,'Vila Esmeralda',3),(279,'Vila Ester',1),(280,'Vila Guaianazes',5),(281,'Vila Guarani',5),(282,'Vila Higienópolis',5),(283,'Vila Icaraí',5),(284,'Vila Igualdade',5),(285,'Vila Industrial',1),(286,'Vila Ipiranga',5),(287,'Vila Jaci',5),(288,'Vila Kennedy',5),(289,'Vila Leila',3),(290,'Vila Leila II',3),(291,'Vila Leonídia',3),(292,'Vila Letônia',4),(293,'Vila Luchetti',4),(294,'Vila Luzia',5),(295,'Vila Machado',3),(296,'Vila Maria',5),(297,'Vila Mascarenhas Ferraz',5),(298,'Vila Matilde',1),(299,'Vila Monte Alegre',3),(300,'Vila Monterrey',1),(301,'Vila Nair',4),(302,'Vila Nossa Senhora das Graças',3),(303,'Vila Nova Conceição',4),(304,'Vila Nova Guarani',5),(305,'Vila Nova São José',5),(306,'Vila Nove de Julho',5),(307,'Vila Paganini',5),(308,'Vila Paiva',3),(309,'Vila Pasto Alto',3),(310,'Vila Patrícia',1),(311,'Vila Paulo Setúbal',5),(312,'Vila Piratininga',5),(313,'Vila Progresso',5),(314,'Vila Rangel',3),(315,'Vila Rossi',3),(316,'Vila Rubi',5),(317,'Vila Sanches',5),(318,'Vila Santa Cruz I',5),(319,'Vila Santa Cruz II',5),(320,'Vila Santa Cruz III',5),(321,'Vila Santa Helena',5),(322,'Vila Santa Luzia',5),(323,'Vila Santa Rita',5),(324,'Vila Santarém',3),(325,'Vila Santos',5),(326,'Vila São Bento',4),(327,'Vila São Geraldo',3),(328,'Vila São Paulo',5),(329,'Vila São Pedro',5),(330,'Vila Simone',3),(331,'Vila Sinhá',3),(332,'Vila Tatetuba',1),(333,'Vila Terezinha',5),(334,'Vila Tesouro',1),(335,'Vila Unidos',3),(336,'Vila Veneziani',3),(337,'Vila Zizinha',3),(338,'Vilaggio d\'Antonini',1),(339,'Xingu',4);
/*!40000 ALTER TABLE `bairro` ENABLE KEYS */;
UNLOCK TABLES;

--
-- Table structure for table `endereco`
--

DROP TABLE IF EXISTS `endereco`;
/*!40101 SET @saved_cs_client     = @@character_set_client */;
/*!40101 SET character_set_client = utf8 */;
CREATE TABLE `endereco` (
  `id` int(11) NOT NULL AUTO_INCREMENT,
  `numero` int(11) DEFAULT NULL,
  `rua_id` int(11) DEFAULT NULL,
  PRIMARY KEY (`id`),
  KEY `FK6me6s7xebbrbh7yg40ip7y4e` (`rua_id`)
) ENGINE=MyISAM AUTO_INCREMENT=4 DEFAULT CHARSET=latin1;
/*!40101 SET character_set_client = @saved_cs_client */;

--
-- Dumping data for table `endereco`
--

LOCK TABLES `endereco` WRITE;
/*!40000 ALTER TABLE `endereco` DISABLE KEYS */;
INSERT INTO `endereco` VALUES (1,100,1),(2,200,2),(3,100,3);
/*!40000 ALTER TABLE `endereco` ENABLE KEYS */;
UNLOCK TABLES;

--
-- Table structure for table `funcionario`
--

DROP TABLE IF EXISTS `funcionario`;
/*!40101 SET @saved_cs_client     = @@character_set_client */;
/*!40101 SET character_set_client = utf8 */;
CREATE TABLE `funcionario` (
  `id` int(11) NOT NULL AUTO_INCREMENT,
  `email` varchar(255) DEFAULT NULL,
  `nome` varchar(255) DEFAULT NULL,
  `senha` varchar(255) DEFAULT NULL,
  PRIMARY KEY (`id`)
) ENGINE=MyISAM AUTO_INCREMENT=9 DEFAULT CHARSET=latin1;
/*!40101 SET character_set_client = @saved_cs_client */;

--
-- Dumping data for table `funcionario`
--

LOCK TABLES `funcionario` WRITE;
/*!40000 ALTER TABLE `funcionario` DISABLE KEYS */;
INSERT INTO `funcionario` VALUES (1,'capablanca1@bol.com.br','Antonio Alves','$2a$10$w59PXVGRjy/2Oia/Lq1CceLA.isfZO.hTilAtcnAGm1qpbvnRN42i'),(2,'programacaoacm@gmail.com','Joao carlos','$2a$10$wd9qtwqpq0MDZriZW75dBe7bzLYB5H7Zug8.o0wRbV6vFyoG2vbki'),(3,'pedroTiago@ex.com.br','Pedro Tiago','$2a$10$0CuBXQ.KvhLZffZKcdUCYOisnqRUeJ1CAJApNb861ARUs/rfzPKCG'),(4,'andre@ex.com.br','Andre Simão','$2a$10$xEQT85f82xaUCLBDh53BFuUbMHbbXpZa4fiXBNCP./H7hUc4MDihm'),(5,'fb@ex.com.br','Felipe Bartolomeu','$2a$10$2zQvNUJtnVo3tWzsgQU26uA6rKFBTkRe77WjF50Hn8erVWegFEMCu'),(6,'marisae@ex.com.br','Marisa','$2a$10$qfE.TIq5Tul5cEqE22qg0ui9rMl9igns9NNxJ8Q/TbW743jl2Q7j.'),(7,'sebastiana@ex.com.br','Sebastiana','$2a$10$3BIDn8LkpEYsp8jV25HdQObxkLJoWCIkQc/9FdRLTjy7/9.6iy5se'),(8,'fernanda@ex.com.br','Fernanda','$2a$10$A8u2YIpTyOABozzeIiuVXeM9UB5ciSuveGdSFWc9zcdqDDs.mi5Sa');
/*!40000 ALTER TABLE `funcionario` ENABLE KEYS */;
UNLOCK TABLES;

--
-- Table structure for table `ocorrencia`
--

DROP TABLE IF EXISTS `ocorrencia`;
/*!40101 SET @saved_cs_client     = @@character_set_client */;
/*!40101 SET character_set_client = utf8 */;
CREATE TABLE `ocorrencia` (
  `id` int(11) NOT NULL AUTO_INCREMENT,
  `data_abertura` datetime DEFAULT NULL,
  `data_atendimento` datetime DEFAULT NULL,
  `data_conclusao` datetime DEFAULT NULL,
  `historico_inicial` varchar(255) DEFAULT NULL,
  `numero_local` int(11) DEFAULT NULL,
  `origem_ocorrencia` int(11) DEFAULT NULL,
  `status` varchar(255) DEFAULT NULL,
  `tipo_ocorrencia` int(11) DEFAULT NULL,
  `funcionario_id` int(11) DEFAULT NULL,
  `rua_id` int(11) DEFAULT NULL,
  `solicitante_id` int(11) DEFAULT NULL,
  PRIMARY KEY (`id`),
  KEY `FK2m8py0juaapy3j7b73pb6a2b8` (`funcionario_id`),
  KEY `FK2vbuc15ir8hepdqi12mbx18ti` (`rua_id`),
  KEY `FKlxyslyy1dlu315rh6afh71p4l` (`solicitante_id`)
) ENGINE=MyISAM AUTO_INCREMENT=10 DEFAULT CHARSET=latin1;
/*!40101 SET character_set_client = @saved_cs_client */;

--
-- Dumping data for table `ocorrencia`
--

LOCK TABLES `ocorrencia` WRITE;
/*!40000 ALTER TABLE `ocorrencia` DISABLE KEYS */;
INSERT INTO `ocorrencia` VALUES (1,'2017-10-20 00:00:00','2017-10-20 00:00:00',NULL,'Deslizamento pos chuvas',101,1,'Aberta',3,4,1,1),(2,'2017-10-21 00:00:00','2017-10-20 00:00:00',NULL,'Mato muito alto',102,1,'Aberta',2,2,2,2),(3,'2017-10-22 00:00:00',NULL,NULL,'Chuvas em excesso',103,2,'Fechada',2,1,3,3),(4,'2017-10-22 00:00:00','2017-10-20 00:00:00',NULL,'Deslizamento pos chuvas',104,1,'Aberta',3,4,4,1),(5,'2017-10-23 00:00:00',NULL,NULL,'Mato muito alto',105,1,'Aberta',2,2,5,2),(6,'2017-10-23 00:00:00','2017-10-20 00:00:00',NULL,'Chuvas em excesso',106,2,'Fechada',2,3,6,3),(7,'2017-10-24 00:00:00','2017-10-20 00:00:00',NULL,'Deslizamento pos chuvas',107,1,'Aberta',3,4,7,1),(8,'2017-10-24 00:00:00','2017-10-20 00:00:00',NULL,'Mato muito alto',108,1,'Aberta',1,2,8,2),(9,'2017-10-25 00:00:00','2017-10-20 00:00:00',NULL,'Chuvas em excesso',109,2,'Fechada',1,1,1,2);
/*!40000 ALTER TABLE `ocorrencia` ENABLE KEYS */;
UNLOCK TABLES;

--
-- Table structure for table `perfis`
--

DROP TABLE IF EXISTS `perfis`;
/*!40101 SET @saved_cs_client     = @@character_set_client */;
/*!40101 SET character_set_client = utf8 */;
CREATE TABLE `perfis` (
  `funcionario_id` int(11) NOT NULL,
  `perfis` int(11) DEFAULT NULL,
  KEY `FKd8dug2uwop8mbx49hh7ym47co` (`funcionario_id`)
) ENGINE=MyISAM DEFAULT CHARSET=latin1;
/*!40101 SET character_set_client = @saved_cs_client */;

--
-- Dumping data for table `perfis`
--

LOCK TABLES `perfis` WRITE;
/*!40000 ALTER TABLE `perfis` DISABLE KEYS */;
INSERT INTO `perfis` VALUES (1,1),(1,2),(2,2),(2,3),(3,2),(3,3),(4,2),(4,3),(5,2),(6,2),(7,2),(7,3),(8,1),(8,2);
/*!40000 ALTER TABLE `perfis` ENABLE KEYS */;
UNLOCK TABLES;

--
-- Table structure for table `regiao`
--

DROP TABLE IF EXISTS `regiao`;
/*!40101 SET @saved_cs_client     = @@character_set_client */;
/*!40101 SET character_set_client = utf8 */;
CREATE TABLE `regiao` (
  `id` int(11) NOT NULL AUTO_INCREMENT,
  `nome` varchar(255) DEFAULT NULL,
  PRIMARY KEY (`id`)
) ENGINE=MyISAM AUTO_INCREMENT=6 DEFAULT CHARSET=latin1;
/*!40101 SET character_set_client = @saved_cs_client */;

--
-- Dumping data for table `regiao`
--

LOCK TABLES `regiao` WRITE;
/*!40000 ALTER TABLE `regiao` DISABLE KEYS */;
INSERT INTO `regiao` VALUES (1,'Leste'),(2,'Oeste'),(3,'Norte'),(4,'Sul'),(5,'Central');
/*!40000 ALTER TABLE `regiao` ENABLE KEYS */;
UNLOCK TABLES;

--
-- Table structure for table `relatorio`
--

DROP TABLE IF EXISTS `relatorio`;
/*!40101 SET @saved_cs_client     = @@character_set_client */;
/*!40101 SET character_set_client = utf8 */;
CREATE TABLE `relatorio` (
  `id` int(11) NOT NULL AUTO_INCREMENT,
  `aterro` bit(1) NOT NULL,
  `croqui` varchar(700) DEFAULT NULL,
  `declividade` varchar(255) DEFAULT NULL,
  `feridos_leves` int(11) DEFAULT NULL,
  `laje` varchar(255) DEFAULT NULL,
  `numero_local` int(11) DEFAULT NULL,
  `obitos` int(11) DEFAULT NULL,
  `observacao` varchar(255) DEFAULT NULL,
  `pessoas_atingidas` int(11) DEFAULT NULL,
  `piso` varchar(255) DEFAULT NULL,
  `talude_natural_altura` double DEFAULT NULL,
  `funcionario_id` int(11) DEFAULT NULL,
  `ocorrencia_id` int(11) DEFAULT NULL,
  `rua_id` int(11) DEFAULT NULL,
  PRIMARY KEY (`id`),
  KEY `FK8qgd6idmt1dugwhymdwlmbkcg` (`funcionario_id`),
  KEY `FKlwmf5d5wkguvfk4fe2m1e0hs4` (`ocorrencia_id`),
  KEY `FK4dyt3w2lm35t4btguqqg67165` (`rua_id`)
) ENGINE=MyISAM AUTO_INCREMENT=10 DEFAULT CHARSET=latin1;
/*!40101 SET character_set_client = @saved_cs_client */;

--
-- Dumping data for table `relatorio`
--

LOCK TABLES `relatorio` WRITE;
/*!40000 ALTER TABLE `relatorio` DISABLE KEYS */;
INSERT INTO `relatorio` VALUES (1,'','Lorem ipsum placerat netus vel tempor volutpat rutrum, convallis sodales etiam ultrices suscipit neque mi inceptos, sapien odio condimentum primis malesuada mattis. accumsan velit maecenas condimentum tincidunt pellentesque fermentum sagittis porta curae mattis curabitur phasellus blandit mollis, semper dui orci quisque interdum quam torquent tincidunt imperdiet suscipit amet sapien malesuada. pretium volutpat cursus ultricies per malesuada, lorem sodales rutrum ad.','declividade1',10,'laje1',1001,15,'observacao1',10,'piso1',25.1,1,1,1),(2,'\0','Odio auctor sagittis quisque laoreet dui vulputate quisque tellus nisi nulla, fermentum pulvinar eget vulputate hac dui tellus quis sagittis. eros potenti fermentum non gravida habitant, nibh aenean etiam quisque non, amet sapien purus class. interdum molestie mollis risus lacinia feugiat per eget, sociosqu blandit hac morbi ornare sit dictum, non nec magna augue ullamcorper nisl. tortor lacinia risus non est fames nam, fames mi feugiat velit porttitor blandit nisi, potenti vivamus taciti commodo sociosqu. erat aptent taciti vehicula urna suscipit habitasse hac phasellus aenean nisi ut dictum eget, duis et sodales auctor cursus turpis dictum lorem phasellus varius libero. ','declividade2',20,'laje2',1002,20,'observacao2',20,'piso2',25.2,2,2,2),(3,'','Lorem ipsum placerat netus vel tempor volutpat rutrum, convallis sodales etiam ultrices suscipit neque mi inceptos, sapien odio condimentum primis malesuada mattis. accumsan velit maecenas condimentum tincidunt pellentesque fermentum sagittis porta curae mattis curabitur phasellus blandit mollis, semper dui orci quisque interdum quam torquent tincidunt imperdiet suscipit amet sapien malesuada. pretium volutpat cursus ultricies per malesuada, lorem sodales rutrum ad.','declividade3',30,'laje3',1003,35,'observacao3',30,'piso3',25.3,3,3,3),(4,'','Lorem ipsum placerat netus vel tempor volutpat rutrum, convallis sodales etiam ultrices suscipit neque mi inceptos, sapien odio condimentum primis malesuada mattis. accumsan velit maecenas condimentum tincidunt pellentesque fermentum sagittis porta curae mattis curabitur phasellus blandit mollis, semper dui orci quisque interdum quam torquent tincidunt imperdiet suscipit amet sapien malesuada. pretium volutpat cursus ultricies per malesuada, lorem sodales rutrum ad.','declividade4',40,'laje4',1004,40,'observacao4',40,'piso4',25.4,1,4,1),(5,'\0','Odio auctor sagittis quisque laoreet dui vulputate quisque tellus nisi nulla, fermentum pulvinar eget vulputate hac dui tellus quis sagittis. eros potenti fermentum non gravida habitant, nibh aenean etiam quisque non, amet sapien purus class. interdum molestie mollis risus lacinia feugiat per eget, sociosqu blandit hac morbi ornare sit dictum, non nec magna augue ullamcorper nisl. tortor lacinia risus non est fames nam, fames mi feugiat velit porttitor blandit nisi, potenti vivamus taciti commodo sociosqu. erat aptent taciti vehicula urna suscipit habitasse hac phasellus aenean nisi ut dictum eget, duis et sodales auctor cursus turpis dictum lorem phasellus varius libero. ','declividade5',50,'laje5',1005,45,'observacao5',50,'piso5',25.5,2,5,2),(6,'','Odio auctor sagittis quisque laoreet dui vulputate quisque tellus nisi nulla, fermentum pulvinar eget vulputate hac dui tellus quis sagittis. eros potenti fermentum non gravida habitant, nibh aenean etiam quisque non, amet sapien purus class. interdum molestie mollis risus lacinia feugiat per eget, sociosqu blandit hac morbi ornare sit dictum, non nec magna augue ullamcorper nisl. tortor lacinia risus non est fames nam, fames mi feugiat velit porttitor blandit nisi, potenti vivamus taciti commodo sociosqu. erat aptent taciti vehicula urna suscipit habitasse hac phasellus aenean nisi ut dictum eget, duis et sodales auctor cursus turpis dictum lorem phasellus varius libero. ','declividade6',60,'laje6',1006,50,'observacao6',60,'piso6',25.6,3,6,3),(7,'','Lorem ipsum placerat netus vel tempor volutpat rutrum, convallis sodales etiam ultrices suscipit neque mi inceptos, sapien odio condimentum primis malesuada mattis. accumsan velit maecenas condimentum tincidunt pellentesque fermentum sagittis porta curae mattis curabitur phasellus blandit mollis, semper dui orci quisque interdum quam torquent tincidunt imperdiet suscipit amet sapien malesuada. pretium volutpat cursus ultricies per malesuada, lorem sodales rutrum ad.','declividade7',70,'laje7',1007,55,'observacao7',70,'piso7',25.7,1,7,1),(8,'\0','Lorem ipsum placerat netus vel tempor volutpat rutrum, convallis sodales etiam ultrices suscipit neque mi inceptos, sapien odio condimentum primis malesuada mattis. accumsan velit maecenas condimentum tincidunt pellentesque fermentum sagittis porta curae mattis curabitur phasellus blandit mollis, semper dui orci quisque interdum quam torquent tincidunt imperdiet suscipit amet sapien malesuada. pretium volutpat cursus ultricies per malesuada, lorem sodales rutrum ad.','declividade8',80,'laje8',1008,60,'observacao8',80,'piso8',25.8,2,8,2),(9,'','Lorem ipsum placerat netus vel tempor volutpat rutrum, convallis sodales etiam ultrices suscipit neque mi inceptos, sapien odio condimentum primis malesuada mattis. accumsan velit maecenas condimentum tincidunt pellentesque fermentum sagittis porta curae mattis curabitur phasellus blandit mollis, semper dui orci quisque interdum quam torquent tincidunt imperdiet suscipit amet sapien malesuada. pretium volutpat cursus ultricies per malesuada, lorem sodales rutrum ad.','declividade9',90,'laje9',1009,65,'observacao9',90,'piso9',25.9,3,9,3);
/*!40000 ALTER TABLE `relatorio` ENABLE KEYS */;
UNLOCK TABLES;

--
-- Table structure for table `rua`
--

DROP TABLE IF EXISTS `rua`;
/*!40101 SET @saved_cs_client     = @@character_set_client */;
/*!40101 SET character_set_client = utf8 */;
CREATE TABLE `rua` (
  `id` int(11) NOT NULL AUTO_INCREMENT,
  `cep` varchar(255) DEFAULT NULL,
  `nome` varchar(255) DEFAULT NULL,
  `bairro_id` int(11) DEFAULT NULL,
  PRIMARY KEY (`id`),
  KEY `FKou8n2tjm5sl5dhpyom5xo5hnb` (`bairro_id`)
) ENGINE=MyISAM AUTO_INCREMENT=1801 DEFAULT CHARSET=latin1;
/*!40101 SET character_set_client = @saved_cs_client */;

--
-- Dumping data for table `rua`
--

LOCK TABLES `rua` WRITE;
/*!40000 ALTER TABLE `rua` DISABLE KEYS */;
INSERT INTO `rua` VALUES (1,'12209000','Avenida Rui Barbosa',101),(2,'12209002','Avenida Marechal Castelo Branco',101),(3,'12209003','Rua Capitão Roberto Ferreira Maldos',101),(4,'12209004','Avenida Doutor Mário Galvão',101),(5,'12209005','Rua Romeu Carnevalli',101),(6,'12209010','Avenida São José',101),(7,'12209020','Avenida Tenente Névio Baracho',101),(8,'12209030','Praça do Expedicionário',101),(9,'12209050','Rua Ana Rosa',297),(10,'12209060','Rua Tenente Manuel Pedro de Carvalho',321),(11,'12209061','Praça Tiradentes',297),(12,'12209062','Rua Delfino Mascarenhas',297),(13,'12209070','Rua Helena Mascarenhas',297),(14,'12209071','Rua Ana Eufrásia',101),(15,'12209080','Rua Flávio Berling Macedo',321),(16,'12209090','Rua Sebastião Felício',101),(17,'12209100','Rua Laudelino Nogueira',101),(18,'12209110','Rua José Leite da Silva',101),(19,'12209120','Rua Geraldo Augusto dos Santos',101),(20,'12209130','Praça Vicente Batista',101),(21,'12209140','Rua Doutor Gaspar Resende',101),(22,'12209150','Rua Delfino Mascarenhas',101),(23,'12209155','Travessa Claudionor Chaves Itacaramby',101),(24,'12209160','Rua Padre Antônio Vieira',101),(25,'12209161','Praça Antônio Joaquim de Medeiros',297),(26,'12209162','Viaduto dos Expedicionários',101),(27,'12209170','Rua Joaquim Nabuco',101),(28,'12209171','Viaduto Tenente João Alves Cardoso',101),(29,'12209180','Rua José Fonseca dos Santos',101),(30,'12209190','Rua Silvino Guedes',101),(31,'12209200','Rua Cônego José Fortunato da Silva Ramos',101),(32,'12209210','Travessa Inocêncio Alves da Silva',101),(33,'12209211','Travessa Contantino Pinto',101),(34,'12209220','Rua Doutor Aleixo Mascarenhas',296),(35,'12209230','Travessa Alfredo José Dias Costa',296),(36,'12209240','Rua Serafim Dias Machado',296),(37,'12209250','Rua Paraná',296),(38,'12209260','Rua Santa Catarina',296),(39,'12209270','Travessa Rio de Janeiro',296),(40,'12209280','Rua São Pedro',296),(41,'12209290','Rua Minas Gerais',296),(42,'12209300','Rua Bertolino Leite Machado',305),(43,'12209310','Rua Felisbino Pinto da Cunha',305),(44,'12209320','Avenida Engenheiro Sebastião Gualberto',296),(45,'12209390','Rua Carvalho de Araújo',296),(46,'12209401','Praça Bicentenário',296),(47,'12209410','Avenida Vinte e Três de Maio',296),(48,'12209411','Praça Nene Cursino',296),(49,'12209420','Rua Joaquim Bernardes Pereira',305),(50,'12209430','Rua São Paulo',296),(51,'12209440','Rua Lavapés',296),(52,'12209450','Avenida dos Estados',296),(53,'12209460','Rua Dom Pedro II',296),(54,'12209500','Travessa Antônio Domenico Ferro',296),(55,'12209510','Avenida Senador Teotônio Vilela',296),(56,'12209670','Viaduto Francisco Pereira',333),(57,'12209675','Rua Maceió',333),(58,'12209680','Praça Doutor José de Moura Resende',333),(59,'12209685','Rua Belém',333),(60,'12209690','Rua Curitiba',333),(61,'12209695','Rua Aracajú',333),(62,'12209700','Rua Recife',333),(63,'12209705','Rua Manaus',333),(64,'12209750','Rua Benedito Julião Machado',281),(65,'12209760','Rua José Pirk',281),(66,'12209770','Rua Antônio Pinto da Cunha',281),(67,'12209780','Rua Francisco Napoleão Isac',281),(68,'12209790','Rua José Antônio de Moraes',281),(69,'12209800','Rua Antônio Friggi',281),(70,'12209810','Rua Francisco Antônio Rodrigues',281),(71,'12209820','Rua Balbino Gonçalves',281),(72,'12209830','Rua João Alves Viana',281),(73,'12209840','Rua Nestor Soriano',281),(74,'12209901','Avenida São José, 626',296),(75,'12209902','Avenida Tenente Névio Baracho, 330',101),(76,'12209903','Avenida Marechal Castelo Branco, 439',101),(77,'12211005','Avenida Rui Barbosa',337),(78,'12211010','Rua Antero Madureira',337),(79,'12211020','Rua Kenkiti Shimomoto',337),(80,'12211021','Rua José Maria Monteiro',337),(81,'12211030','Rua José Nunes de Paula',315),(82,'12211040','Rua Afonso José de Santana',315),(83,'12211050','Rua Miguel Eras',315),(84,'12211060','Travessa Benedito Venâncio Lima',315),(85,'12211070','Rua Engenheiro Leovigildo Trindade',315),(86,'12211080','Rua José Antônio Cury',315),(87,'12211090','Rua Tuiuti',315),(88,'12211100','Rua Carlos Rodrigues da Costa',315),(89,'12211105','Avenida Rui Barbosa',315),(90,'12211110','Travessa Constantino Pintos',315),(91,'12211115','Avenida Olivo Gomes',252),(92,'12211120','Rua José Dias Medeiros',272),(93,'12211122','Praça Tenente-Coronel Benedito Antônio de Oliveira',272),(94,'12211123','Rua Manoel de Oliveira e Silva',272),(95,'12211124','Travessa Medeiros',272),(96,'12211125','Rua Antônio de Oliveira e Silva',272),(97,'12211126','Rua Augusto de Oliveira e Silva',272),(98,'12211127','Rua Antônio Rodrigues Guedes do Prado',272),(99,'12211128','Praça Luiz Mioni',272),(100,'12211129','Rua José de Oliveira Prisco',272),(101,'12211160','Rua Antônio Peneluppi Filho',266),(102,'12211170','Travessa Deolinda Soares',252),(103,'12211180','Rua Pedro Rachid',252),(104,'12211190','Travessa Terezinha Savastano',266),(105,'12211200','Rua Luís Gama',266),(106,'12211210','Praça Antônio Prado',252),(107,'12211220','Praça Santa Cruz',252),(108,'12211230','Rua Franz de Castro Holzwarth',252),(109,'12211240','Rua Paulo Madureira Lebrão',266),(110,'12211241','Rua Manoel Lemes Palmeira',252),(111,'12211242','Rua Benedito de Paula',252),(112,'12211243','Travessa Antônio de Souza Neves',252),(113,'12211250','Rua Mário de Araújo Cesar',252),(114,'12211260','Rua Benedito Alves da Silva',252),(115,'12211270','Rua Antônio Júlio da Costa Guimarães',266),(116,'12211280','Rua Frei Henrique de Coimbra',252),(117,'12211290','Rua Olivo Gomes',266),(118,'12211291','Travessa Francisco Rodrigues Freire',252),(119,'12211300','Rua Tupinambás',252),(120,'12211310','Rua Alexandrino José de Souza',252),(121,'12211320','Rua Julio César Filho',252),(122,'12211330','Rua João José do Nascimento',252),(123,'12211340','Rua Augusto Ferreira Vinhas',252),(124,'12211350','Rua Frediano Bianchi',252),(125,'12211360','Praça Tabajara',287),(126,'12211370','Rua Tibiriçá',287),(127,'12211380','Rua Guaicurus',287),(128,'12211390','Rua Caiapós',287),(129,'12211400','Rua Ovidio Cesar',287),(130,'12211410','Rua Aimorés',287),(131,'12211411','Rua Xavantes',287),(132,'12211430','Rua Monteiro Lobato',314),(133,'12211440','Rua São Francisco Xavier',314),(134,'12211450','Travessa João Pereira Leite',314),(135,'12211457','Rua Tapajós',314),(136,'12211459','Travessa Francisca Moreira Rangel',314),(137,'12211461','Rua Francisca Maria de Souza',314),(138,'12211463','Travessa Herminio Intrieri',314),(139,'12211470','Rua Oswaldo da Silva Chaves',155),(140,'12211620','Avenida Princesa Isabel',252),(141,'12211622','Rua da Grama',252),(142,'12211623','Praça Luís de Andrade Rodrigues',252),(143,'12211640','Rua Manoel Rodrigues de Moraes',252),(144,'12211650','Praça Anchieta',252),(145,'12211660','Rua Coronel Afro Marcondes',252),(146,'12211670','Rua Mário Pulga',252),(147,'12211680','Rua José da Costa Pinheiro',252),(148,'12211690','Rua Avaristo Borges',252),(149,'12211691','Rua Peri',252),(150,'12211700','Rua José do Patrocínio',252),(151,'12211710','Rua Guaianazes',252),(152,'12211720','Rua Manoel Prianti',252),(153,'12211730','Praça Santana',252),(154,'12211740','Rua Guarani',252),(155,'12211750','Rua Jaci',252),(156,'12211760','Rua Raul Ramos de Araújo',252),(157,'12211770','Rua Vaz Caminha',252),(158,'12211780','Rua Francisco José da Costa',252),(159,'12211790','Praça Bandeirantes',252),(160,'12211800','Rua Capitão Elisiário',252),(161,'12211810','Rua Manoel Ramos Machado',252),(162,'12211820','Rua Maria Pinotti Bicudo',252),(163,'12211830','Praça Monsenhor Luiz Gonzaga Alves Cavalheiro',252),(164,'12211840','Rua Antônio Vieira de Souza',252),(165,'12211841','Rua Maria Luiza Espírito Santo',252),(166,'12211842','Ponte Minas Gerais',252),(167,'12211843','Travessa Bom Sucesso',252),(168,'12211900','Rua Kenkiti Shimomoto, 401',315),(169,'12211901','Avenida Rui Barbosa, 688',315),(170,'12211902','Avenida Rui Barbosa, 1425',315),(171,'12212000','Avenida Rui Barbosa',252),(172,'12212001','Travessa Atílio Roberti',252),(173,'12212002','Travessa Rodolfo Ferrianci',252),(174,'12212010','Rua Nhumirim',252),(175,'12212020','Rua Licínio Leite Machado',252),(176,'12212030','Rua Antônio da Costa Pinheiro',252),(177,'12212031','Rua Aristoteles Cirilo',252),(178,'12212040','Rua Professor Jacir Madureira',252),(179,'12212050','Rua Carlos Belmiro dos Santos',252),(180,'12212060','Rua São Jorge',252),(181,'12212070','Travessa José Fernandes Queiroz',252),(182,'12212080','Rua José Dias de Aguiar',252),(183,'12212090','Travessa Pedro Rachid',252),(184,'12212100','Rua Pedro Rachid',252),(185,'12212110','Rua Paraguassu',252),(186,'12212120','Rua Presidente Prudente de Morais',252),(187,'12212130','Rua Presidente Nilo Peçanha',252),(188,'12212140','Rua Presidente Campos Salles',252),(189,'12212150','Rua Presidente Washington Luís',252),(190,'12212160','Praça Armando Sales de Oliveira',252),(191,'12212170','Rua Presidente Júlio Prestes',252),(192,'12212180','Rua da Consolação',252),(193,'12212190','Rua Mário Martins Pereira',278),(194,'12212200','Rua São Luiz Gonzaga',252),(195,'12212210','Rua Sebastião Benedito Dias',252),(196,'12212220','Vila Pena',252),(197,'12212230','Passarela Manoel Ramos Machado',252),(198,'12212240','Rua India Paraguassu',252),(199,'12212250','Rua Roberto de Paula Ferreira',252),(200,'12212260','Rua Nossa Senhora Auxiliadora',252),(201,'12212270','Rua Santa Terezinha',252),(202,'12212280','Travessa Porto Grande',252),(203,'12212281','Praça Pedro Ribeiro Godoy',252),(204,'12212290','Rua Aristeu Rodrigues de Santana',252),(205,'12212300','Rua Luiz Miguel dos Santos',3),(206,'12212301','Rua Tamandaré',3),(207,'12212310','Travessa Noé de Souza Lima',3),(208,'12212320','Avenida Nacib Simão',3),(209,'12212325','Rodovia Monteiro Lobato',3),(210,'12212330','Rua Ester Oliveira Bertolini',3),(211,'12212340','Rua José Maria Vilaça',3),(212,'12212350','Rua Afrânio de Paiva Delgado',336),(213,'12212360','Rua Deputado Fernando Ferrari',336),(214,'12212370','Rua Independência',336),(215,'12212371','Rua Maria Renata Alcântara Manfredini',3),(216,'12212372','Rua Audemo Veneziani',3),(217,'12212380','Rua da Constituinte',336),(218,'12212390','Rua Agenor Luchetti Simão',3),(219,'12212400','Rua Manoel Rosendo de Oliveira',336),(220,'12212410','Rua Sebastiana Maria Trindade',3),(221,'12212420','Rua David Miguel dos Santos',3),(222,'12212430','Rua Itararé',3),(223,'12212440','Rua Minervina de Campos Nascimento',139),(224,'12212450','Rua Virgílio Emídio Bispo',139),(225,'12212452','Estrada Municipal Pedro Moacir de Almeida',3),(226,'12212460','Rua Cândido Gonçalves de Bem',139),(227,'12212470','Rua Sargento Sílvio Guizão',139),(228,'12212471','Ponte Domingos Fortes de Almeida',3),(229,'12212490','Rua José Pereira Filho',3),(230,'12212500','Rua Alzirio Lebrão',3),(231,'12212510','Praça Padre José Rúbens Franco Bonafe',3),(232,'12212511','Rua Vicente Paulo dos Santos',3),(233,'12212512','Rua Cândido Gonçalves Gomes',3),(234,'12212515','Travessa Santa Joana D\'Arc',3),(235,'12212520','Rua Maria Conceição da Cunha',3),(236,'12212531','Avenida Rui Barbosa',3),(237,'12212580','Rua Elias da Cunha Melo',336),(238,'12212590','Praça Padre Geraldo Ribeiro da Costa',336),(239,'12212610','Rua Anselmo Carnevalli',336),(240,'12212620','Travessa José Moreira Campos',3),(241,'12212630','Rua Piraquara Clube',331),(242,'12212631','Praça Dois Corações',331),(243,'12212650','Rua Doutor Othon dos Santos Mercadante',331),(244,'12212651','Rua Felipe de Oliveira',331),(245,'12212652','Rua Ricardo Gonçalves',331),(246,'12212653','Rua Luiz Murat',331),(247,'12212654','Rua Guimarães Passos',331),(248,'12212655','Rua Francisco João Leme',331),(249,'12212656','Rua Paula Ney',331),(250,'12212657','Rua Ângelo de Siqueira Afonso',331),(251,'12212659','Rua Jaguari',331),(252,'12212660','Avenida Doutor Numa de Oliveira',182),(253,'12212670','Rua Anacleto Veneziani',182),(254,'12212680','Rua Zoraide Siqueira',182),(255,'12212690','Rua Luiz Borges Filho',182),(256,'12212700','Rua Benedito Pereira Lima',182),(257,'12212710','Avenida Conde Francisco Matarazzo',182),(258,'12212720','Rua Schaia Feigenson',182),(259,'12212730','Rua Chana Baskin Feigenson',182),(260,'12212740','Rua Paulo Hunger',182),(261,'12212750','Rua Augusto Luiz de Almeida',182),(262,'12212760','Rua Pedro David Filho',182),(263,'12212770','Rua Taquaral',182),(264,'12212780','Rua Doutor Edgard de Souza',182),(265,'12212790','Rua Uruana',182),(266,'12212800','Rua Urati',182),(267,'12212810','Praça César Traballi',182),(268,'12212820','Rua Enzo Guratti',299),(269,'12212970','Avenida Rui Barbosa, 2376',252),(270,'12213010','Rua Vicente Leporace',274),(271,'12213011','Rua Jaguari',274),(272,'12213020','Rua Genoveva Pinto da Cunha',274),(273,'12213030','Rua Mário Scholz',274),(274,'12213040','Rua Nivaldo Prisco da Cunha',274),(275,'12213041','Rua Pedro Antônio de Castro Pinheiros',274),(276,'12213050','Rua José Fernando de Almeida Moura',274),(277,'12213060','Rua Rio Manso',4),(278,'12213062','Rua Rio das Cobras',4),(279,'12213064','Rua Rio Jaguari',4),(280,'12213066','Rua Ribeirão da Fartura',4),(281,'12213068','Rua Córrego da Ressaca',4),(282,'12213070','Rua Córrego do Sabão',4),(283,'12213072','Avenida Rio Buquira',4),(284,'12213074','Rua Rio Turvo',4),(285,'12213076','Rua Rio Pararangaba',4),(286,'12213078','Rua Rio do Peixe',4),(287,'12213080','Rua Ribeirão do Cajuru',4),(288,'12213082','Rua Ribeirão da Água Soca',4),(289,'12213084','Rua Córrego Senhorinha',4),(290,'12213086','Rua Córrego do Sertãozinho',4),(291,'12213088','Rua Ribeirão do Vidoca',4),(292,'12213090','Rua Ribeirão do Guirra',4),(293,'12213092','Rua Córrego do Cambuí',4),(294,'12213094','Rua Córrego do Bengalar',4),(295,'12213096','Rua Córrego do Roncador',4),(296,'12213098','Rua Córrego Santa Bárbara',4),(297,'12213100','Rua Rio Comprido',4),(298,'12213102','Rua Ribeirão do Butá',4),(299,'12213104','Rua Ribeirão Pau de Saia',4),(300,'12213106','Rua Corrégo Lava Pés',4),(301,'12213108','Rua Vinte e Quatro',4),(302,'12213110','Rua Ribeirão do Putim',4),(303,'12213112','Rua Córrego Taquari',4),(304,'12213114','Rua Ribeirão Caeté',4),(305,'12213130','Rua Maria Francisca dos Santos',124),(306,'12213131','Rua Jaguari',124),(307,'12213140','Rua José Prianti Chaves',124),(308,'12213145','Rua Francisco Rodrigues Cardoso',124),(309,'12213150','Rua Vera Babo de Oliveira',124),(310,'12213160','Rua Cecílio Corrá',124),(311,'12213170','Rua Fernando Corrá',124),(312,'12213180','Rua Benedito da Costa Andrade',124),(313,'12213190','Rua Francisco Ribeiro da Costa',124),(314,'12213200','Rua Francisco de Assis Monteiro de Barros',124),(315,'12213210','Estrada Municipal Juca Carvalho',327),(316,'12213215','Rua Anna Ortega Traballi',327),(317,'12213270','Rua Major Manoel Fernandes Netto',327),(318,'12213275','Estrada Municipal Juca Carvalho',327),(319,'12213280','Rua Florinda Clemente Nucci',327),(320,'12213290','Rua Pureza Maria da Conceição',327),(321,'12213301','Rua João Galdino dos Santos',327),(322,'12213310','Rua Braz Alves de Almeida',327),(323,'12213311','Rua Joaquim Teodoro da Silva',327),(324,'12213312','Travessa Caeté',327),(325,'12213320','Rua Jair Firmino de Siqueira',327),(326,'12213340','Rua Geraldo Rodrigues da Costa',327),(327,'12213341','Rua Dilson Funaro',327),(328,'12213350','Rua José Bonifácio de Arantes',308),(329,'12213360','Rua Lucia Lambertine',308),(330,'12213370','Rua Joelma',308),(331,'12213380','Rua Cordelio da Costa',308),(332,'12213390','Rua Boa Vista',308),(333,'12213400','Rua Antônio Pedro Perotti',308),(334,'12213410','Rua Santo Dias da Silva',308),(335,'12213420','Rua Noel Cardoso da Silva',308),(336,'12213430','Rua Maria José Machado',308),(337,'12213440','Rua Almenara',308),(338,'12213470','Rua Brasilino de Paula Ferreira',308),(339,'12213480','Rua Resplendor',308),(340,'12213490','Rua Serafim Alves de Moura',308),(341,'12213500','Rua Butantã',308),(342,'12213501','Rua Guarda-Mor',308),(343,'12213502','Rua João Pedro da Rocha',308),(344,'12213503','Rua Maria Conceição da Silva',308),(345,'12213510','Rua Peixinhos',308),(346,'12213511','Rua Três Pontas',308),(347,'12213520','Rua Agenor Domingues Varanda',268),(348,'12213521','Rua José Silvério de Souza',268),(349,'12213522','Ponte Paulo Machado de Carvalho',268),(350,'12213530','Praça São Marcos',268),(351,'12213531','Avenida Maria Cândida Delgado',268),(352,'12213550','Rua Bernardo Priante',268),(353,'12213560','Rua Coronel Silvestre Cândido Ribeiro',268),(354,'12213570','Rua Santa Matilde',174),(355,'12213573','Avenida Maria Cândida Delgado',174),(356,'12213580','Rua Nossa Senhora da Salete',174),(357,'12213590','Travessa Maria Marta',174),(358,'12213600','Rua Santa Cecília',174),(359,'12213610','Rua Professor Adjacy Sampaio Murity',174),(360,'12213620','Praça Santa Efigênia',174),(361,'12213630','Rua Maria Luiza Rodrigues Costa',102),(362,'12213640','Rua Ângelo Miguel Scavazzini',102),(363,'12213650','Rua Amâncio Bráulio de Melo',102),(364,'12213660','Rua José Duarte Júnior',102),(365,'12213670','Rua João Vilaça de Oliveira',102),(366,'12213680','Rua Sebastião Alves de Almeida',102),(367,'12213690','Largo da Boa Vista',102),(368,'12213700','Rua Maria Fausta de Souza',102),(369,'12213710','Rua José Vieira da Silva',102),(370,'12213711','Rua João Pereira Costa',102),(371,'12213720','Avenida João Pereira Costa',102),(372,'12213730','Rua Tereza Cristina Liesack Cunha',20),(373,'12213731','Rua Osvanir Santos',20),(374,'12213732','Rua Irineu Paixão',20),(375,'12213733','Rua Maria Hilda de Faria',20),(376,'12213734','Rua Frei Galvão',20),(377,'12213740','Rua Caetano Alves Camargo',20),(378,'12213750','Rua José Mendonça da Costa',20),(379,'12213760','Rua Joaquim Monteiro',20),(380,'12213770','Rua Ismael de Oliveira Luiz',20),(381,'12213780','Rua Francisco Fernandes Gomes',20),(382,'12213790','Rua Benedito de Oliveira e Silva',20),(383,'12213800','Rua Antônio de Oliveira Pinto',20),(384,'12213801','Condomínio Chácaras Recanto dos Sonhos',20),(385,'12213810','Rua Ana Angélica de Oliveira',20),(386,'12213820','Rua Ubiratan de Oliveira Pinto',20),(387,'12213821','Rua Rufina Oliveira Arantes',20),(388,'12213822','Rua Buquira',20),(389,'12213823','Rua Dois',20),(390,'12213830','Estrada Heitor Vieira',20),(391,'12213831','Rua Antônio O. Pinto',20),(392,'12213832','Avenida Um',20),(393,'12213840','Rodovia Monteiro Lobato',20),(394,'12213841','Rua A',20),(395,'12213843','Estrada Anor Rodrigues Ramalho',20),(396,'12213900','Praça Padre José Rúbens Franco Bonafe, 49',3),(397,'12214000','Avenida Pico das Agulhas Negras',87),(398,'12214001','Rua Horto Florestal',87),(399,'12214010','Avenida Alto do Rio Doce',87),(400,'12214020','Rua Pico Cruzeiro',87),(401,'12214030','Rua Pico do Pulpito',87),(402,'12214040','Rua Pico Juliana',87),(403,'12214050','Rua Pico do Selado',87),(404,'12214060','Rua Serra da Ibitipoca',87),(405,'12214070','Rua Pedra Vermelha',87),(406,'12214080','Rua Pedra Redonda',87),(407,'12214090','Rua Monte Paschoal',87),(408,'12214100','Rua Monte das Oliveiras',87),(409,'12214110','Rua Monte Castelo',87),(410,'12214120','Rua Serra das Araras',87),(411,'12214130','Rua Serra Dourada',87),(412,'12214140','Rua Pico do Jaraguá',87),(413,'12214150','Rua Alto da Boa Vista',87),(414,'12214160','Rua Pico Marins',87),(415,'12214170','Rua Montanha Fuji',87),(416,'12214180','Rua Monte Sinai',87),(417,'12214190','Rua Pico dos Três Estados',87),(418,'12214200','Rua Pico do Bugil',87),(419,'12214210','Rua Pedra do Sino',87),(420,'12214220','Rua Serra de Santa Bárbara',87),(421,'12214230','Rua Monte Roraima',87),(422,'12214240','Rua Pico Cristal',87),(423,'12214250','Rua Pico da Neblina',87),(424,'12214260','Rua Pedra do Capim Azul',87),(425,'12214270','Rua Pico do Aconcagua',87),(426,'12214280','Rua Pedra Pouso do Rochedo',87),(427,'12214290','Rua Pico da Bandeira',87),(428,'12214300','Rua Serra da Canastra',87),(429,'12214310','Rua Vinte e Nove',87),(430,'12214320','Rua Serra de Jambeiro',87),(431,'12214330','Rua Alto do Araguaia',87),(432,'12214340','Rua Pico Itapevi',87),(433,'12214350','Rua Serra do Japi',87),(434,'12214370','Rua Monte Kilimanjaro',87),(435,'12214380','Rua Pedra do Baú',87),(436,'12214390','Rua Serra dos Carajás',87),(437,'12214391','Rua Pedra Alta',87),(438,'12214400','Rua Serra dos Aimorés',87),(439,'12214410','Rua Serra da Saudade',87),(440,'12214501','Rua Leonídia Damasceno Veneziani',335),(441,'12214502','Rua Geraldo Machado da Silva',335),(442,'12214503','Rua Margarida Trindade Machado',335),(443,'12214504','Rua Geraldo Messias',335),(444,'12214505','Rua Jaguari',335),(445,'12214506','Rua João Grill',335),(446,'12214508','Rua José Alves de Souza',335),(447,'12214511','Estrada Santo Agostinho',335),(448,'12214512','Rua dos Coqueiros',335),(449,'12214900','Rua Jaguari, s/n',87),(450,'12215000','Avenida Brasil',198),(451,'12215010','Praça Professor Estevão Ferri',198),(452,'12215020','Rua Emílio de Menezes',198),(453,'12215030','Rua Capitão Raul Fagundes',198),(454,'12215040','Rua Domingos Campoy Bernal',198),(455,'12215050','Rua Josino Bernardes Ferreira',198),(456,'12215060','Rua Coronel Donato Mascarenhas',198),(457,'12215070','Rua Marechal Rondon',198),(458,'12215080','Rua Machado de Assis',198),(459,'12215090','Rua Manoel Joaquim de Oliveira',313),(460,'12215100','Rua Vinte e Sete de Julho',198),(461,'12215110','Rua Cantidio Miragaia',198),(462,'12215120','Rua Gomide Santos',198),(463,'12215140','Rua Luiz Pasteur',198),(464,'12215150','Rua Antenor Nascimento',198),(465,'12215160','Rua João Mendes Pedroso',313),(466,'12215170','Praça Francisco Escobar',198),(467,'12215180','Rua José Pedro Baracho',198),(468,'12215190','Rua Dezenove de Novembro',198),(469,'12215200','Rua Treze de Maio',198),(470,'12215210','Rua Doze de Outubro',198),(471,'12215220','Rua Vinte e Cinco de Dezembro',198),(472,'12215230','Rua Primeiro de Maio',198),(473,'12215240','Rua José Silveira Campanati',198),(474,'12215250','Rua Guararapes',198),(475,'12215260','Rua Henrique Dias',198),(476,'12215261','Avenida Senador Teotônio Vilela',198),(477,'12215270','Rua Regente Feijó',313),(478,'12215280','Rua Martins Fontes',198),(479,'12215290','Rua Vinte e Um de Abril',198),(480,'12215310','Rua Maestro Francisco Gaia',198),(481,'12215320','Praça da República',198),(482,'12215330','Rua Doutor Clemente Ferreira',198),(483,'12215340','Praça Terezinha Teixeira da Silva',198),(484,'12215360','Praça Tobias Barreto',198),(485,'12215370','Rua Trinta e Um de Março',198),(486,'12215380','Avenida Presidente Juscelino Kubitschek',198),(487,'12215390','Rua Ana Gonçalves da Cunha',198),(488,'12215400','Rua Magnólia',198),(489,'12215410','Rua Camélia',198),(490,'12215420','Praça Custódio Bento de Souza',198),(491,'12215440','Rua Francisco José de Souza',198),(492,'12215450','Rua Gladiolo',198),(493,'12215451','Praça Olívio Augusto da Silva',198),(494,'12215460','Rua Nenufar',198),(495,'12215470','Rua Amaranto',198),(496,'12215480','Rua Adonis',198),(497,'12215490','Rua Doutor Astrogildo Machado',198),(498,'12215500','Rua Lupércio Ramos',198),(499,'12215510','Rua Professora Rosa Soares Penido',198),(500,'12215520','Rua Doutor Paulo Barbosa Lima',198),(501,'12215530','Praça Ana Berling Macedo',198),(502,'12215540','Rua Maria Mercedes Ferreira Maldos',198),(503,'12215550','Rua Professor Ayres Amâncio de Moura',198),(504,'12215560','Rua Oscar da Silva Santos',198),(505,'12215570','Rua Francisco Rodrigues de Moraes',198),(506,'12215571','Rua Ferze Abdul Ahad Tau',198),(507,'12215580','Rua Waldir Gaioso',198),(508,'12215581','Rua Vitória da Conquista',198),(509,'12215582','Rua Nemésio Flávio Queiroz Júnior',198),(510,'12215590','Rua Pedro Pinto da Cunha Filho',198),(511,'12215600','Rua Martins Pereira',198),(512,'12215610','Rua Dois',198),(513,'12215620','Rua Um',198),(514,'12215630','Rua Augusto de Sá Leite',198),(515,'12215640','Rua Benedito Fernandes César Leite Júnior',198),(516,'12215650','Praça Capitão Pedro Pinto da Cunha',159),(517,'12215651','Avenida Santos Dumont',159),(518,'12215656','Avenida Nair Toledo de Mira',159),(519,'12215660','Rua Tupã',159),(520,'12215670','Rua Pernambuco',329),(521,'12215680','Rua Maranhão',329),(522,'12215690','Rua Acre',329),(523,'12215691','Avenida Deputado Benedito Matarazzo',329),(524,'12215692','Rua Rosalina Ana dos Santos',329),(525,'12215700','Rua Piauí',329),(526,'12215710','Rua Ceará',329),(527,'12215720','Rua Rio Grande do Norte',329),(528,'12215730','Rua Umuarama',159),(529,'12215740','Travessa Pastor João Vera Pelegrino',159),(530,'12215760','Viaduto Bandeirante',159),(531,'12215800','Rua Ceci',329),(532,'12215840','Rua Iara',159),(533,'12215900','Avenida Deputado Benedito Matarazzo, 9403',159),(534,'12216000','Avenida Pedro Álvares Cabral',159),(535,'12216001','Rua Mem de Sá',159),(536,'12216002','Rua José Diogo de Faria',159),(537,'12216010','Praça Carlos Gomes',159),(538,'12216020','Rua Castro Alves',159),(539,'12216030','Rua Cristóvão Colombo',159),(540,'12216040','Rua Riachuelo',159),(541,'12216050','Praça Duque de Caxias',159),(542,'12216051','Rua João Francisco de Paula',159),(543,'12216060','Rua Antônio Costa Rosendo',159),(544,'12216070','Rua Presidente Vargas',159),(545,'12216080','Rua Ademar Guedes de Oliveira',159),(546,'12216081','Travessa Luiz de Azevedo Castro',159),(547,'12216090','Rua Dumitilde Marcondes',159),(548,'12216100','Rua José Francisco Monteiro',159),(549,'12216110','Rua Coronel Pacheco Neto',159),(550,'12216120','Rua Capitão José Dellias',159),(551,'12216130','Rua Presidente Bernardes',159),(552,'12216131','Rua Alcindo de Marchi',159),(553,'12216140','Rua Engenheiro Pedro Sinisgalli',159),(554,'12216141','Rua Professora Maria Lima Cesar',159),(555,'12216150','Rua Frankilina Monteiro de Oliveira',159),(556,'12216160','Rua Frederico Miacci',159),(557,'12216161','Rua Samuel Antônio Rodrigues',159),(558,'12216170','Rua Leopoldo Drews',159),(559,'12216180','Rua Cônego José Francisco Monteiro',159),(560,'12216190','Rua Jordão Monteiro Ferreira',184),(561,'12216191','Rua Lola Roberto Batista Rocco',159),(562,'12216192','Praça das Nações Unidas',159),(563,'12216200','Rua Caio Madureira',159),(564,'12216210','Praça America Pinto de Andrade',159),(565,'12216220','Rua Genesia Berardinelli Tarantino',159),(566,'12216221','Rua Professor Alfredo Cesar',159),(567,'12216222','Viaduto Raquel Marcondes',159),(568,'12216230','Rua Antônio Porfírio da Silva',159),(569,'12216240','Rua Tenente Aécio Lemes de Souza',159),(570,'12216280','Praça Diamante',329),(571,'12216340','Avenida Deputado Benedito Matarazzo',159),(572,'12216361','Rua Projetada',159),(573,'12216362','Rua Projetada B',159),(574,'12216370','Rua Rio Grande do Sul',329),(575,'12216380','Rua Espírito Santo',329),(576,'12216390','Praça Paraíba',329),(577,'12216400','Rua Bahia',329),(578,'12216410','Rua Sergipe',329),(579,'12216420','Rua Alagoas',329),(580,'12216430','Rodovia Presidente Dutra',159),(581,'12216440','Rua Itororó',159),(582,'12216450','Rua Dom Carmine Rocco',159),(583,'12216460','Rua Jaraguá',184),(584,'12216465','Praça Francisco Antônio dos Santos',184),(585,'12216470','Rua Jussara',184),(586,'12216480','Rua Jaguarete',184),(587,'12216490','Rua Jaú',184),(588,'12216510','Rua Roma',98),(589,'12216530','Rua Siria',154),(590,'12216540','Rua República do Iraque',154),(591,'12216550','Rua Jordânia',154),(592,'12216560','Rua Bélgica',154),(593,'12216570','Rua Holanda',154),(594,'12216580','Avenida Deputado Benedito Matarazzo',154),(595,'12216590','Rua República do Líbano',154),(596,'12216591','Praça República Arabe Unida',154),(597,'12216600','Rua Iran',154),(598,'12216610','Praça Arábia',98),(599,'12216620','Rua República de Israel',154),(600,'12216623','Rua Turquia',154),(601,'12216630','Avenida Lisboa',98),(602,'12216631','Praça Berlim',98),(603,'12216650','Rua Haia',98),(604,'12216660','Rua Copenhague',98),(605,'12216670','Rua Budapest',98),(606,'12216680','Rua Berna',98),(607,'12216690','Rua Estocolmo',98),(608,'12216700','Rua Moscou',154),(609,'12216710','Avenida Samuel Wainer',98),(610,'12216720','Rua Viena',154),(611,'12216730','Rua Varsóvia',98),(612,'12216740','Rua Bucareste',154),(613,'12216750','Rua Madrid',98),(614,'12216760','Praça Londres',98),(615,'12216770','Rua Atenas',98),(616,'12216780','Praça Paris',98),(617,'12216971','Rua Riachuelo, 57',159),(618,'12220000','Avenida Presidente Juscelino Kubitschek',285),(619,'12220001','Praça Papa Paulo VI',285),(620,'12220130','Rua dos Periquitos',332),(621,'12220140','Rua Patativa',332),(622,'12220150','Rua Sabiá',332),(623,'12220160','Rua Bem-te-vi',332),(624,'12220170','Rua das Andorinhas',332),(625,'12220180','Rua dos Canários',332),(626,'12220190','Praça Uirapuru',332),(627,'12220200','Rua Graúna',332),(628,'12220220','Praça das Gaivotas',332),(629,'12220230','Rua Juriti',332),(630,'12220240','Rua dos Tucanos',332),(631,'12220250','Rua Arapongas',332),(632,'12220260','Rua das Araras',332),(633,'12220270','Rua Professor Félicio Savastano',285),(634,'12220280','Rua Saigiro Nakamura',285),(635,'12220281','Rua Doutor Jamil Cury',285),(636,'12220290','Rua Doutor Ricardo Edwards',285),(637,'12220300','Rua José Molina',285),(638,'12220320','Rua Doutor Alberto Miguel Roman',285),(639,'12220330','Rua João Liberato',285),(640,'12220340','Rua Misael Marçal',285),(641,'12220350','Rua Dona Neli Santos Lopes',285),(642,'12220360','Avenida João Marson',285),(643,'12220370','Praça José Avelino de Oliveira',285),(644,'12220380','Avenida Professor Sebastião Paulo de Toledo Pontes',285),(645,'12220390','Rua Ari Barroso',285),(646,'12220400','Avenida José de Moura Candelaria',285),(647,'12220410','Rua Clementino Alves de Souza',285),(648,'12220420','Rua Julieta Damasceno Claro',285),(649,'12220430','Rua Waldomiro Rosendo de Oliveira',285),(650,'12220431','Praça Leão XIII',285),(651,'12220440','Rua José Polli',285),(652,'12220450','Rua Francisco Pereira Filho',285),(653,'12220460','Rua Engenheiro Demerval Veras',285),(654,'12220470','Rua Doutor Adhemar Figueiredo Lira',285),(655,'12220480','Rua Albertino de Almeida',285),(656,'12220482','Rua Pedro Pereira Filho',285),(657,'12220490','Rua Ângelo Ottoboni',285),(658,'12220520','Rua Alfredo Pereira Filho',285),(659,'12220530','Rua Edward Simões',285),(660,'12220540','Rua Papa João XXIII',285),(661,'12220550','Praça Aida Monteiro de Castro Veloso',285),(662,'12220560','Rua Agostinho Benedetti',285),(663,'12220570','Rua Riskala José Neme',285),(664,'12220580','Rua Israel Diamante',285),(665,'12220590','Rua Afonso Matarazzo Filho',285),(666,'12220592','Estrada da Olaria',285),(667,'12220600','Rua dos Pardais',332),(668,'12220601','Rua dos Paturis',332),(669,'12220610','Avenida Deputado Benedito Matarazzo',332),(670,'12220611','Rodovia Presidente Dutra',332),(671,'12220620','Rua dos Flamingos',332),(672,'12220630','Rua dos Pintassilgos',332),(673,'12220640','Rua dos Colibris',332),(674,'12220650','Rua Jandaia',332),(675,'12220660','Avenida Joaquim Ferreira Carpinteiro',128),(676,'12220661','Rua Sabara',128),(677,'12220662','Rua Ituiutaba',128),(678,'12220663','Rua Diamantina',128),(679,'12220670','Rua Araguari',128),(680,'12220680','Rua Abaeté',128),(681,'12220690','Rua Uberlândia',128),(682,'12220700','Rua Itacarambi',128),(683,'12220710','Rua Itanhandu',128),(684,'12220720','Rua Guaraciaba',128),(685,'12220730','Rua Pirapora',128),(686,'12220740','Avenida Uberaba',128),(687,'12220750','Rua Caparaó',128),(688,'12220760','Praça Caratinga',128),(689,'12220770','Rua Caxambu',128),(690,'12220780','Rua Baependi',128),(691,'12220790','Praça Ouro Preto',128),(692,'12220800','Rua Pedralva',128),(693,'12220810','Rua Guaxupé',128),(694,'12220820','Rua Itajubá',128),(695,'12220830','Rua Camanducaia',128),(696,'12220831','Rua Tebas',128),(697,'12220832','Avenida Servidão',128),(698,'12220901','Avenida Presidente Juscelino Kubitschek, 6701',285),(699,'12220902','Rua Abília Machado, s/n',285),(700,'12220903','Rua Patativa, 200',332),(701,'12220970','Rua Sabara, 30',128),(702,'12220971','Rua Israel Diamante, 56',285),(703,'12221000','Avenida Barbacena',128),(704,'12221010','Rua João Quirino Pedrosa',128),(705,'12221020','Rua Rúbens Leitão Filho',128),(706,'12221030','Rua Abílio Pereira Dias',128),(707,'12221040','Rua Elza Regina Ferreira Bevilacqua',128),(708,'12221050','Rua Herondina de Almeida Alvarenga',128),(709,'12221060','Rua José Domingues dos Santos',128),(710,'12221070','Rua Hélio de Almeida Ferreira',128),(711,'12221080','Rua José Ferreira de Almeida',128),(712,'12221090','Rua Manacá',128),(713,'12221100','Rua Alteia',128),(714,'12221110','Rua Jabota',128),(715,'12221120','Rua Anis',128),(716,'12221130','Rua Gameleiras',128),(717,'12221140','Rua Perpetua',128),(718,'12221141','Praça Tatuaba',128),(719,'12221142','Praça Cambará',128),(720,'12221143','Rua Bento Pinto da Cunha',128),(721,'12221150','Rua Charles Diamond',109),(722,'12221160','Rua Vicente Mota Corrêa',177),(723,'12221170','Rua Benedito Pacheco Salgado',177),(724,'12221180','Rua Eurípedes Mascarenhas',177),(725,'12221190','Rua Cristóvão de Alencar',177),(726,'12221195','Praça das Árvores',177),(727,'12221200','Rua Milton Cruz',177),(728,'12221220','Rua João Lindemberg',109),(729,'12221221','Praça Joaquim Figueira de Andrade',109),(730,'12221230','Rua Newton Ferreira Ivo',109),(731,'12221240','Rua Sidney Antônio Moreira da Silva',109),(732,'12221250','Rua Adelino Mendonça',151),(733,'12221260','Rua Messias Palmeira',103),(734,'12221261','Praça Natanael Mariano da Silva',151),(735,'12221270','Rua Brinda Guida Filho',151),(736,'12221280','Rua Nazareth de Moura Veronese',151),(737,'12221290','Rua Mamede Firmino de Morais',151),(738,'12221300','Rua das Enfermeiras',189),(739,'12221310','Rua dos Economistas',189),(740,'12221320','Rua dos Cientistas',189),(741,'12221330','Rua das Telefonistas',189),(742,'12221331','Praça dos Jornalistas',189),(743,'12221340','Rua dos Marceneiros',189),(744,'12221350','Rua dos Motoristas',189),(745,'12221360','Rua dos Tecelões',189),(746,'12221370','Rua dos Estudantes',189),(747,'12221371','Praça dos Musicos',189),(748,'12221380','Rua dos Metalurgicos',189),(749,'12221390','Rua dos Bancários',189),(750,'12221400','Rua das Secretarias',189),(751,'12221401','Rua dos Gráficos',189),(752,'12221410','Rua dos Aviadores',189),(753,'12221411','Rua Projetada Dois',334),(754,'12221412','Rua Três',334),(755,'12221420','Rua Joaquim Bagunha Maldos',334),(756,'12221430','Rua Lupércio da Costa Machado',334),(757,'12221440','Rua Célio Santos',334),(758,'12221450','Praça Assis Chateaubriand',334),(759,'12221460','Rua Antônio Marchetti',334),(760,'12221470','Rua Doutor José de Moura Resende',334),(761,'12221480','Rua Francisco Nunes de Assis',334),(762,'12221490','Rua José Cândido Ferreira',334),(763,'12221500','Rua Afonso Galvão',177),(764,'12221501','Rua Tesouro',177),(765,'12221510','Rua Mário Cesare Porto',134),(766,'12221511','Rua Projetada',134),(767,'12221512','Rua Messias Palmeira',134),(768,'12221520','Estrada Municipal Martins Guimarães',334),(769,'12221521','Rua Professora Maria Siqueira Nathan',334),(770,'12221530','Rua Napoleão Monteiro',334),(771,'12221540','Rua Vicente Celestino',334),(772,'12221550','Rua Lamartine Babo',334),(773,'12221560','Rua Vitório Carnevalli',334),(774,'12221570','Rua Benedito Lacerda',279),(775,'12221573','Praça Engenheiro Roberto Simone Ale Laurino',279),(776,'12221580','Rua José Gomes de Abreu',279),(777,'12221590','Rua Lupicinio Rodrigues',279),(778,'12221592','Praça Benedito Narciso Ceruti',279),(779,'12221600','Rua Ciro Monteiro',279),(780,'12221610','Rua Carlos Esperíndio',279),(781,'12221611','Rua Guimarães Rosa',279),(782,'12221612','Rua C',279),(783,'12221620','Rua José Dias Pereira Júnior',279),(784,'12221630','Rua Alfem Pereira Junqueira',279),(785,'12221640','Rua Homero Ferreira de Cunha',279),(786,'12221650','Rua Maria da Conceição Maia',279),(787,'12221660','Rua Agostinho dos Santos',279),(788,'12221670','Rua Catulo da Paixão Cearense',279),(789,'12221680','Rua Noel Rosa',279),(790,'12221690','Rua Cândido das Neves',279),(791,'12221700','Rua Oswaldo Gogliano',279),(792,'12221703','Avenida dos Cegonheiros',310),(793,'12221706','Rua Ilma Pelógia Fraga',310),(794,'12221709','Rua Brazilino Adrião',310),(795,'12221710','Rua Carmem Miranda',279),(796,'12221720','Rua Alfredo da Rocha Viana',279),(797,'12221730','Rua Assis Valente',279),(798,'12221770','Rua Ernesto Júlio Nazareth',279),(799,'12221780','Rua dos Engenheiros',189),(800,'12221790','Rua dos Medicos',189),(801,'12221800','Rua dos Radialistas',189),(802,'12221810','Rua dos Advogados',189),(803,'12221820','Praça dos Professores',189),(804,'12221830','Avenida dos Operarios',189),(805,'12221840','Rua dos Comerciantes',189),(806,'12221841','Rua Quatro',334),(807,'12223000','Rua Argentina',41),(808,'12223010','Rua Uruguai',41),(809,'12223020','Rua Jamaica',41),(810,'12223030','Rua Peru',41),(811,'12223040','Rua Paraguai',41),(812,'12223045','Praça Raimundo Nonanto Lisboa',41),(813,'12223050','Rua Panamá',41),(814,'12223060','Rua Chile',41),(815,'12223065','Praça Júlio Sea',41),(816,'12223070','Rua Bolívia',41),(817,'12223080','Rua Equador',41),(818,'12223090','Rua Colômbia',41),(819,'12223100','Avenida Cajuru',41),(820,'12223105','Via Nair de Souza Camargo Oliveira',41),(821,'12223110','Rua Noêmio Arruda de Carvalho',117),(822,'12223120','Rua Plínio de Andrade',117),(823,'12223130','Rua José Cândido de Melo',117),(824,'12223140','Rua Gregório Gurevich',117),(825,'12223150','Rua José Locatelli',117),(826,'12223160','Rua Coronel Eurico Costa Souza',117),(827,'12223170','Praça João Batista Peneluppi',117),(828,'12223180','Rua Professora Ana Isabel Barbosa',117),(829,'12223190','Rua Francisco Camilo',117),(830,'12223200','Rua Benedito Rodrigues da Silva',117),(831,'12223201','Rodovia Presidente Dutra',117),(832,'12223210','Rua Rosa Coulicoff Diamante',117),(833,'12223211','Rua Moisés Kremer',117),(834,'12223220','Rua Venezuela',41),(835,'12223230','Rua Alasca',41),(836,'12223240','Rua Estados Unidos',41),(837,'12223250','Rua Canadá',41),(838,'12223260','Rua Honduras',41),(839,'12223270','Rua Costa Rica',41),(840,'12223280','Rua Nicarágua',41),(841,'12223290','Rua Martinica',41),(842,'12223300','Rua Guiana',41),(843,'12223310','Rua Haiti',41),(844,'12223315','Praça Nicolau Salomão de Camargo',41),(845,'12223320','Rua Guatemala',41),(846,'12223330','Rua Suriname',41),(847,'12223340','Rua Santa Fé',41),(848,'12223350','Rua Malvinas',41),(849,'12223351','Praça José Nissi',41),(850,'12223360','Rua Filipinas',41),(851,'12223370','Rua Belize',41),(852,'12223390','Rua Cuba',41),(853,'12223400','Rua Caraíbas',41),(854,'12223410','Rua México',41),(855,'12223420','Rua Trinidad',41),(856,'12223430','Avenida Pedro Friggi',41),(857,'12223440','Rua Porto Rico',41),(858,'12223450','Rua Gustavo Rico Toro',41),(859,'12223460','Rua Júlio Cezar Sales',41),(860,'12223470','Rua Terezinha da Silva Almeida',41),(861,'12223480','Rua Antonio Nunes Machado',41),(862,'12223490','Rua Luiz Barone',41),(863,'12223500','Rua Cinqüenta e Sete',41),(864,'12223510','Rua Nathalie Alvarado Gomes',41),(865,'12223520','Rua José Roberto de Souza',41),(866,'12223540','Rua José Bezerra da Silva',41),(867,'12223550','Rua Manoel Senra Delgado',41),(868,'12223560','Rua Elizabetha Gaubatz Rohde',41),(869,'12223570','Rua Anna de Paula Figueiredo',41),(870,'12223580','Rua João Friggi Filho',41),(871,'12223590','Rua Cidade de Lima',41),(872,'12223600','Rua Cidade de Washington',41),(873,'12223610','Rua Reverendo Professor Eliel de Almeida Martins',41),(874,'12223620','Rua Reverendo José Emídio Sobrinho',41),(875,'12223630','Rua Celso Vilhena Vieira',41),(876,'12223631','Rua Cidade de Otawa',41),(877,'12223640','Rua Cidade de Brasília',41),(878,'12223650','Rua Cidade de Quito',41),(879,'12223660','Rua Cidade de Montevidéo',41),(880,'12223670','Rua Cidade de Santiago',41),(881,'12223680','Rua Cidade de La Paz',41),(882,'12223690','Rua Cidade de Assunção',41),(883,'12223700','Rua Caracas',41),(884,'12223710','Rua Bogotá',41),(885,'12223720','Rua Elvis Presley',41),(886,'12223730','Rua Buenos Aires',41),(887,'12223740','Rua Bermudas',41),(888,'12223741','Praça Lions',41),(889,'12223750','Rua Curacao',41),(890,'12223760','Rua Baviera',41),(891,'12223770','Rua Bahamas',41),(892,'12223780','Rua Aruba',41),(893,'12223790','Rua Tobago',41),(894,'12223800','Rua São Domingos',41),(895,'12223810','Rua El Salvador',41),(896,'12223820','Rua Barbados',41),(897,'12223830','Alameda Harvey C Weeks',41),(898,'12223845','Rua Aparecida Dalprat Souza',41),(899,'12223846','Praça Jave Nissi',41),(900,'12223900','Rodovia Presidente Dutra, km 143',142),(901,'12224000','Avenida das Rosas',142),(902,'12224001','Avenida Segundo-Sargento Clarismundo da Silva',142),(903,'12224010','Rua dos Lírios',142),(904,'12224011','Praça Benedito Antônio de Oliveira',142),(905,'12224012','Rua Projetada',142),(906,'12224020','Rua das Maravilhas',142),(907,'12224030','Rua das Papoulas',142),(908,'12224040','Rua das Sensitivas',142),(909,'12224050','Rua dos Trevos',142),(910,'12224060','Rua das Azaléas',142),(911,'12224070','Rua dos Ciclames',142),(912,'12224080','Rua das Dâlias',142),(913,'12224090','Rua das Margaridas',142),(914,'12224100','Rua dos Miosótis',142),(915,'12224110','Rua das Peonias',142),(916,'12224120','Avenida Camerino Pereira dos Santos',142),(917,'12224130','Rua das Orquídeas',142),(918,'12224140','Rua das Verbenas',142),(919,'12224150','Travessa Gabriel Alves Freire',142),(920,'12224160','Rua das Violetas',142),(921,'12224170','Rua das Glicínias',142),(922,'12224180','Avenida Vitória Régia',142),(923,'12224190','Rua das Cravinas',142),(924,'12224200','Rua das Hortencias',142),(925,'12224210','Rua dos Heliotrópios',142),(926,'12224220','Rua dos Jasmins',142),(927,'12224230','Rua das Gardenias',142),(928,'12224240','Rua das Petúnias',142),(929,'12224245','Praça Virginio Valias de Resende',142),(930,'12224250','Rua dos Gerânios',142),(931,'12224260','Rua das Angelicas',142),(932,'12224270','Avenida dos Narcisos',142),(933,'12224280','Praça Primavera',142),(934,'12224290','Avenida das Tulipas',142),(935,'12224300','Rodovia Presidente Dutra',142),(936,'12224310','Avenida Ilidio Meinberg Porto',179),(937,'12224320','Rua Pedro Daniel',179),(938,'12224330','Rua Erotides Teixeira de Souza',179),(939,'12224340','Rua José Benedito Calil',179),(940,'12224350','Avenida José Francisco Marcondes',179),(941,'12224360','Rua Judite Machado Cursino',179),(942,'12224370','Avenida José Pedro',179),(943,'12224380','Avenida Carmelina Alves dos Santos',179),(944,'12224390','Rua Doutor João Tranchesi',179),(945,'12224400','Avenida Professor Possidonio Salles',179),(946,'12224410','Rua Doutor Cláudio Martins Miranda Chaves',179),(947,'12224420','Rua Edward Wilson Kimbask',179),(948,'12224421','Rua Elídio Memberg Porto',179),(949,'12224430','Rua Esmeraldo Baptista Santana',179),(950,'12224440','Rua Nalva Paiva da Mata',179),(951,'12224450','Avenida Ruth Merrik Kimbask',179),(952,'12224460','Rua Mohabe Anisse Cury',179),(953,'12224470','Rua Professora Otavia Raimundo da Silva',179),(954,'12224480','Avenida Benedito Friggi',145),(955,'12224490','Rua Júlio Ferreira dos Santos',145),(956,'12224500','Rua Doutor Max Michaelis',145),(957,'12224510','Rua Antero Cursino dos Santos',145),(958,'12224520','Rua Ângelo Pintus',145),(959,'12224530','Rua Jorge Pereira de Melo',145),(960,'12224540','Rua Mathilde Neme Bagdad',145),(961,'12224550','Rua Cândido Barbosa',145),(962,'12224555','Avenida Brás Domingos de Arantes',145),(963,'12224570','Rua Procópio Ferreira',145),(964,'12224580','Rua Orlando Silva',145),(965,'12224590','Rua Luiz Monteiro',145),(966,'12224600','Rua Izaltino Silva',145),(967,'12224610','Rua Alcidia Medeiros Ragazzini',145),(968,'12224620','Rua Pedro Venuto Ragazini',145),(969,'12224630','Rua Inesia Pinheiro Soares',145),(970,'12224640','Rua André Lourenço Loubet',145),(971,'12224650','Rua Segundo-Sargento Clarismundo Silva',145),(972,'12224660','Rua Benedito Gomes dos Santos',145),(973,'12224670','Rua Alexandrina Maria da Conceição',145),(974,'12224680','Rua Anésio Rodrigues Araújo',145),(975,'12224690','Rua Doutor Waldomiro Martins Pinheiro',145),(976,'12224700','Rua Maria Salena de Assis',145),(977,'12224701','Rua Dezesseis',145),(978,'12224702','Avenida João Pedro',145),(979,'12224710','Rua Rio Guaiba',158),(980,'12224720','Rua Rio Una',158),(981,'12224730','Rua Rio São Francisco',158),(982,'12224740','Rua Rio Paraíba do Sul',158),(983,'12224750','Rua Rio Trombetas',158),(984,'12224760','Rua Rio Tietê',158),(985,'12224770','Rua Rio Jurubatuba',158),(986,'12224775','Avenida Sansão Peres de Andrade',158),(987,'12224780','Avenida Rio Madeira',158),(988,'12224781','Rua Anna Rosa de Moraes',158),(989,'12224783','Rua José Pardo',158),(990,'12224784','Rua Maria Aparecida do Carmo Silva',158),(991,'12224785','Rua Milton Rodrigues',158),(992,'12224786','Rua Benedita Alves de Carvalho',158),(993,'12224788','Rua Angelina Borgo Gregório',158),(994,'12224789','Rua Sebastião Messias da Silva',158),(995,'12224790','Avenida Pararangaba',158),(996,'12224791','Rua Elton Sebastião da Silva',158),(997,'12224792','Rua Enéas Silva Machado',158),(998,'12224793','Rua Marcílio Benedito Costa',158),(999,'12224794','Rua José Barreto Silva',158),(1000,'12224795','Rua Francisco de Melo',169),(1001,'12224797','Rua Rio Canindé',169),(1002,'12224798','Rua José Pires de Camargo',169),(1003,'12224799','Rua Jorge Pires de Camargo',158),(1004,'12224800','Rua Rio Paru',158),(1005,'12224801','Rua Rio Tibagi',158),(1006,'12224810','Rua Rio Natuba',158),(1007,'12225010','Rua Iracema',185),(1008,'12225011','Avenida Presidente Tancredo Neves',91),(1009,'12225020','Rua Iraci',185),(1010,'12225030','Rua João Rodolfo Castelli',185),(1011,'12225040','Rua Otávio Moraes Lopes',91),(1012,'12225050','Praça José Carlos Pace',91),(1013,'12225055','Avenida Monsenhor Dutra',147),(1014,'12225060','Rua José Duarte Simões',91),(1015,'12225065','Rua Cirilo Pereira da Silva',147),(1016,'12225070','Rua Benedito Eras',91),(1017,'12225075','Rua Jorge Leite da Silva',147),(1018,'12225080','Rua Frei Bertholdo Vah Der Mee',91),(1019,'12225085','Rua Francisca Paula de Jesus Izabel',147),(1020,'12225090','Rua Julia Cursino',91),(1021,'12225095','Rua Elio Corazza Júnior',147),(1022,'12225096','Rua Francisco Miele',147),(1023,'12225097','Rua Carmem Franklin',147),(1024,'12225100','Rua Maria Carolina de Jesus',91),(1025,'12225110','Rua Padre Joaquim Franca',91),(1026,'12225120','Rua João Di Mônaco',157),(1027,'12225130','Avenida Jupira do Amaral Rangel',157),(1028,'12225140','Rua Aldo Madureira',157),(1029,'12225150','Rua Vantuilde José Brandão',157),(1030,'12225160','Rua Padre José Maria da Silva Ramos',157),(1031,'12225170','Rua Doutor João Gomes Batista Neto',157),(1032,'12225171','Rua Engenheiro Flávio Marcondes',173),(1033,'12225172','Rua Raimundo Monte Regis',173),(1034,'12225180','Rua Nelson Alves de Oliveira',157),(1035,'12225190','Rua Pastor Jair Alves da Costa',157),(1036,'12225200','Rua Mantura Neme',157),(1037,'12225210','Rua Guedes Diamante',157),(1038,'12225211','Avenida Presidente Tancredo Neves',157),(1039,'12225212','Rua Benedicto Albino Tomaz',157),(1040,'12225220','Rua Rita Teixeira Leite',157),(1041,'12225230','Rua Paulo Salem',157),(1042,'12225240','Avenida Maria Adolfina de Almeida Tomaz',157),(1043,'12225250','Rua Professor Luiz Antônio Ribeiro de Macedo',157),(1044,'12225261','Rua Benedito Pedroso de Andrade',1),(1045,'12225371','Travessa Um A',173),(1046,'12225372','Travessa Dois',173),(1047,'12225373','Travessa Três',173),(1048,'12225390','Estrada para Piedade',157),(1049,'12225391','Rua Santa Maria',173),(1050,'12225392','Rua Alisson Geraldo da Silva Vitor',173),(1051,'12225393','Rua Três',173),(1052,'12225395','Rua Cinco',173),(1053,'12225396','Rua Seis',173),(1054,'12225397','Rua das Flores',173),(1055,'12225398','Rua José Leite Filho',173),(1056,'12225400','Rua Aparecida Maria Consiglio',148),(1057,'12225410','Rua Crisante Barbosa Miranda',148),(1058,'12225420','Rua Francisco Moreira de Souza',148),(1059,'12225421','Avenida Presidente Tancredo Neves',148),(1060,'12225430','Rua Professora Maria José de Oliveira',148),(1061,'12225440','Rua Professora Maria Helena Moreira de Queiroz',148),(1062,'12225450','Rua Maria Isabel Mendes',148),(1063,'12225460','Rua Giovanni Batista Capellotto',148),(1064,'12225470','Estrada do Mato Dentro',148),(1065,'12225592','Rua Bertolino Cursino dos Santos',166),(1066,'12225593','Avenida Presidente Tancredo Neves',166),(1067,'12225599','Rua Benedito Fernandes de Andrade',166),(1068,'12225600','Rua dos Ferreiros',212),(1069,'12225610','Rua dos Mecânicos',212),(1070,'12225620','Rua dos Lavradores',212),(1071,'12225630','Rua dos Farmacêuticos',212),(1072,'12225640','Rua dos Armadores',212),(1073,'12225650','Rua Carpinteiros',212),(1074,'12225660','Rua dos Pedreiros',212),(1075,'12225661','Praça Primeiro de Maio',212),(1076,'12225662','Estrada do Paiol',212),(1077,'12225670','Rua dos Encanadores',212),(1078,'12225680','Rua dos Desenhistas',212),(1079,'12225690','Rua dos Funileiros',212),(1080,'12225700','Rua dos Carteiros',212),(1081,'12225710','Rua dos Eletricistas',212),(1082,'12225720','Rua dos Pintores',212),(1083,'12225730','Rua dos Serralheiros',212),(1084,'12225731','Avenida Presidente Tancredo Neves',212),(1085,'12225732','Avenida Presidente Tancredo Neves',212),(1086,'12225740','Rua dos Alfaiates',212),(1087,'12225750','Rua dos Sapateiros',212),(1088,'12225751','Rua dos Topógrafos',212),(1089,'12225760','Rua dos Ceramistas',212),(1090,'12225761','Rua dos Vidraceiros',212),(1091,'12225770','Rua dos Jardineiros',212),(1092,'12225771','Rua dos Oleiros',212),(1093,'12225780','Rua dos Artesãs',212),(1094,'12225790','Rua dos Balconistas',212),(1095,'12225801','Rua das Costureiras',212),(1096,'12225802','Rua das Floristas',212),(1097,'12225810','Estrada Santo Antônio do Alto',212),(1098,'12225820','Rua das Datilográfas',212),(1099,'12225830','Rua dos Agronomos',212),(1100,'12225831','Rua dos Padeiros',212),(1101,'12225832','Praça Milton Antônio Pereira',212),(1102,'12225833','Estrada do Joaquim Gonçalves da Silva',173),(1103,'12225834','Rua dos Construtores',212),(1104,'12225835','Rua dos Dentistas',212),(1105,'12225836','Estrada Municipal Novo Horizonte',212),(1106,'12225868','Rua Oito',248),(1107,'12225885','Rua Cláudia Pombo da Silva Carvalho de Melo',248),(1108,'12225886','Rua Isabel Ferreira Dell Aquila',248),(1109,'12225887','Rua Agenor Antonio de Morais',248),(1110,'12225889','Avenida Saulo Antunes de Carvalho',248),(1111,'12226010','Avenida José Scarpel',211),(1112,'12226020','Rua Anésia Emília da Silva',211),(1113,'12226030','Rua Geraldo Fernandes da Silva',211),(1114,'12226040','Rua João Mariano de Assis',211),(1115,'12226050','Rua Carlos Alberto Pereira da Silva',211),(1116,'12226060','Rua Vicente Antônio de Araújo',211),(1117,'12226070','Rua Benedito Pereira da Silva',211),(1118,'12226080','Rua Doutor José Luiz Buck Ferreira',211),(1119,'12226081','Rua Elio de Castro',211),(1120,'12226082','Rua Maria Helena Friggi de Lima',211),(1121,'12226083','Rua Lazio',115),(1122,'12226084','Rua Emilia-Romagna',115),(1123,'12226085','Rua Veneto',115),(1124,'12226086','Rua Liguria',115),(1125,'12226087','Rua Friuli',115),(1126,'12226088','Rua Lombardia',115),(1127,'12226089','Rua Toscana',115),(1128,'12226090','Rua Cândida Costa da Silva',211),(1129,'12226091','Rua Marche',115),(1130,'12226092','Rua Trentino',115),(1131,'12226093','Rua Seis',115),(1132,'12226094','Rua Onze',115),(1133,'12226095','Rua Doze',115),(1134,'12226100','Rua José Benedito Pereira da Silva',211),(1135,'12226110','Rua José Tomaz',211),(1136,'12226111','Rua Doutor Vítor Machado Carvalho',211),(1137,'12226115','Rua Matilde da Conceição',298),(1138,'12226120','Rua Ana Moreira de Oliveira',211),(1139,'12226130','Rua José Antônio Quirino',211),(1140,'12226140','Rua Maria Agda de Jesus',211),(1141,'12226150','Avenida Carlos Alberto de Andrade Silva',211),(1142,'12226160','Rua José Castrioto',211),(1143,'12226170','Rua Ângelo Scarpel',211),(1144,'12226180','Rua Emerson Rodolfo Rodrigues da Silva',211),(1145,'12226190','Rua Aprigio Bernardino Salles Filho',211),(1146,'12226200','Rua Armando Veneziani de Toledo',211),(1147,'12226201','Rua Albert Sabin',211),(1148,'12226202','Rua Monsenhor Iran de Oliveira',16),(1149,'12226205','Estrada Municipal Nelson Tavares da Silva',16),(1150,'12226231','Avenida Marcos Antônio de Araújo',217),(1151,'12226232','Rua José Ivo Mendes',217),(1152,'12226233','Rua Diego Yudi Omura',217),(1153,'12226235','Rua Tereza Maria Lima dos Santos',217),(1154,'12226237','Rua Doutor Luis Arturo Arevalo Crisóstomo',217),(1155,'12226239','Rua José João Moreira',217),(1156,'12226241','Rua Engenheiro Nelson Martins',217),(1157,'12226243','Rua Heleodora Pereira Lemes',217),(1158,'12226251','Avenida Ana Fortunato Rodrigues',251),(1159,'12226253','Rua José Augusto Lemes',251),(1160,'12226255','Rua Mirtes Spadari Corsi',251),(1161,'12226280','Rua Irene Toledo de Souza Gomes',16),(1162,'12226290','Rua José Augusto de Oliveira Barros',16),(1163,'12226291','Rua B',16),(1164,'12226292','Rua Barroso',16),(1165,'12226294','Praça Dom Carlos Carmelo Vasconcelos Motta',16),(1166,'12226295','Rua E',16),(1167,'12226300','Rua Clementino de Oliveira',16),(1168,'12226310','Rua José Carmo dos Anjos',24),(1169,'12226320','Rua Roberto Wagner dos Anjos Conrado',24),(1170,'12226330','Rua Orlandino de Freitas',24),(1171,'12226340','Rua Gyulo Bakos',24),(1172,'12226350','Rua Maria Lancini',24),(1173,'12226360','Rua Lecticia de Moraes Vieira',24),(1174,'12226370','Rua Terceiro-Sargento-Polícia Militar Alexandre de Souza Roberto',24),(1175,'12226380','Rua Mirabeau Antonio Pini',24),(1176,'12226390','Rua Dalila Marques Miguez',24),(1177,'12226400','Rua Domingos Santos Pinto Filho',24),(1178,'12226401','Rua Ero Silverman Guarrido',24),(1179,'12226402','Rua Médico Ruston',24),(1180,'12226410','Rua Acedro Ruston',24),(1181,'12226420','Rua Benedita Friggi de Toledo',24),(1182,'12226430','Rua Carlos Pinheiro Vasquez Pato',24),(1183,'12226440','Rua Quinze',24),(1184,'12226450','Rua Palmira Colla Rosa',24),(1185,'12226460','Rua Antônio Aurélio Monteiro de Barros',24),(1186,'12226470','Rua Jerônimo Mendonça Ribeiro',24),(1187,'12226480','Rua Manoel Ângelo de Andrade',24),(1188,'12226490','Rua Antônio Bernardo Hemkemeir',24),(1189,'12226500','Rua Nicolau Galardo',24),(1190,'12226510','Rua Benedicto Antonio de Araújo',24),(1191,'12226520','Rua Pastor José Ferreira Rito',24),(1192,'12226530','Rua Irmã Emerência Balestieri',24),(1193,'12226540','Rua Judith Nunes dos Santos',24),(1194,'12226550','Rua Benedito de Paula Ferreira',24),(1195,'12226551','Estrada Dom José Antonio do Couto',24),(1196,'12226552','Avenida Eduardo Lourenço',24),(1197,'12226553','Avenida Dantas Luiz do Prado',24),(1198,'12226560','Rua Maria Alves Bonfim',24),(1199,'12226570','Rua Luci Perdigão',24),(1200,'12226580','Rua Geraldo Ferreira Maldos',24),(1201,'12226590','Rua Dejanira de Paula Freire',24),(1202,'12226592','Praça Hélio Alves Garcia',24),(1203,'12226600','Rua Diácono José Arantes',24),(1204,'12226610','Rua Ernesto Lourenço',24),(1205,'12226620','Rua Roberto Bianchi',24),(1206,'12226630','Rua Shenna Azevedo Rodrigues',24),(1207,'12226640','Rua José Sanador Ferreira',24),(1208,'12226650','Rua Adelina Delgado Motta',24),(1209,'12226660','Rua Álvaro Pinheiro Mendonça',24),(1210,'12226670','Rua José Policarpo Sabioni',24),(1211,'12226680','Rua Ramiro Augusto de Araújo',24),(1212,'12226690','Rua Virgílio Fernandes de Oliveira',24),(1213,'12226700','Rua Vicente Pereira',24),(1214,'12226705','Avenida Antônio da Costa Nunes',24),(1215,'12226708','Avenida Izabel Nunes dos Santos Guimarães',24),(1216,'12226710','Rua Maria Auxiliadora Monção Antinópolis Bonafé',24),(1217,'12226711','Rua Ana Paula Nunes Dutra',24),(1218,'12226712','Rua Samara Regina Oliveira Pedreiro',24),(1219,'12226713','Rua José Benedito dos Santos',24),(1220,'12226714','Rua Vicente Donati Nunes',24),(1221,'12226715','Rua Ângela Codello Bertti',24),(1222,'12226716','Rua Hanna Youssef Chabchoul',24),(1223,'12226717','Rua Antônio Sudário Ferreira',24),(1224,'12226718','Rua Rosa Cândida Ferreira',24),(1225,'12226719','Rua José Gonçalves de Oliveira',24),(1226,'12226720','Rua Bernardino Lourenço',24),(1227,'12226721','Rua Alcides Salgado',24),(1228,'12226723','Estrada Municipal Francisco de Morais',255),(1229,'12226736','Avenida Serra Gaúcha',300),(1230,'12226737','Rua Canela',300),(1231,'12226738','Rua Gramado',300),(1232,'12226739','Rua Caxias do Sul',300),(1233,'12226790','Rua Carlos Barbosa',300),(1234,'12226791','Rua Monte Belo do Sul',300),(1235,'12226792','Rua Garibaldi',300),(1236,'12226793','Rua Passo Fundo',300),(1237,'12226794','Rua Veranopólis',300),(1238,'12226795','Rua Nova Pádua',300),(1239,'12226796','Rua Canoas',300),(1240,'12226797','Rua Novo Hamburgo',300),(1241,'12226798','Rua Erechim',300),(1242,'12226799','Rua Guaporé',300),(1243,'12226800','Avenida Porto Alegre',300),(1244,'12226846','Rua Nova Bréscia',300),(1245,'12226870','Rua Antonio Marcos de Oliveira',137),(1246,'12226872','Rua Carmelindo Aparecido Correa',137),(1247,'12226874','Rua Doutor Antônio Borges de Toledo',137),(1248,'12226876','Rua Gonçalo Soares',137),(1249,'12226877','Rua Joaquim Antonio Martins',137),(1250,'12226878','Rua Maria Angélia Monteiro Rodrigues',137),(1251,'12226879','Rua Ken Ishizucka',137),(1252,'12226880','Rua Maurício Maldonado Júnior',137),(1253,'12226882','Rua Sebastião Ramos Nogueira',137),(1254,'12226883','Rua Alceu Andrade',137),(1255,'12226884','Rua Maria de Andrade Vieira',137),(1256,'12226886','Avenida Mariana Andrade',137),(1257,'12226888','Rua Benedicto Rezende de Souza',137),(1258,'12229004','Rua Verona',141),(1259,'12229011','Rua RC 3',210),(1260,'12229071','Praça Darci Alves',210),(1261,'12229081','Praça Jonathan Guilherme Pereira dos Reis',210),(1262,'12229082','Condomínio Residencial Interlagos',210),(1263,'12229083','Travessa Ida de Castro Nascimento',210),(1264,'12229321','Rua NC 6',210),(1265,'12229381','Rua Turim',141),(1266,'12229382','Rua Blumenau',141),(1267,'12229383','Travessa Um',210),(1268,'12229386','Rua Seis',210),(1269,'12229390','Estrada Municipal São José dos Campos',210),(1270,'12229392','Estrada Municipal SJC-145',210),(1271,'12229440','Rua Maria Amélia Nogueira',210),(1272,'12229450','Rua Nl',210),(1273,'12229460','Travessa Municipal',210),(1274,'12229490','Rua Barcelona',141),(1275,'12229500','Rua Veneza',141),(1276,'12229510','Rua Municipal SJC-482',210),(1277,'12229520','Rua A',210),(1278,'12229530','Rua de Servidão',210),(1279,'12229810','Rua Robert Marden Oliveira de Mello',210),(1280,'12229822','Rua Ivan Maria da Motta',210),(1281,'12229823','Rua SC 3',210),(1282,'12229824','Rua Valdir Pereira dos Santos',210),(1283,'12229825','Rua SC 5',210),(1284,'12229826','Rua Paulo Roberto Ferreira de Moura',210),(1285,'12229827','Rua Maria Vera Prado Machado',210),(1286,'12229828','Rua Sebastião Damas dos Santos',210),(1287,'12229829','Rua Anna Benedicta Dias Pedrosa',210),(1288,'12229832','Rua Ananias Cândido de Lima',210),(1289,'12229840','Avenida José Augusto Teixeira',261),(1290,'12229841','Rua Quatorze',261),(1291,'12229842','Rua Quinze',261),(1292,'12229843','Rua Dezesseis',261),(1293,'12229844','Condomínio Residencial Altos da Quinta',261),(1294,'12229849','Rodovia Governador Carvalho Pinto',261),(1295,'12230000','Avenida Andrômeda',180),(1296,'12230001','Avenida Andrômeda',180),(1297,'12230002','Rodovia Presidente Dutra',180),(1298,'12230010','Avenida Cassiopéia',180),(1299,'12230011','Avenida Cassiopéia',180),(1300,'12230020','Rua Tijuca',180),(1301,'12230021','Rua Leblon',180),(1302,'12230030','Rua Copacabana',180),(1303,'12230040','Rua Arpoador',180),(1304,'12230050','Rua Reverendo Américo de Castro',180),(1305,'12230060','Rua Porto Novo',180),(1306,'12230070','Rua Ipanema',180),(1307,'12230075','Rua Pedro Tursi',180),(1308,'12230080','Rua Patrício Santana',180),(1309,'12230081','Rua José Alves dos Santos',82),(1310,'12230082','Rua Matias Peres',82),(1311,'12230083','Rua Francisca Maria de Jesus',82),(1312,'12230084','Rua Tsunessaburo Makiguti',82),(1313,'12230085','Rua José Augusto dos Santos',82),(1314,'12230086','Rua da Alegria',82),(1315,'12230087','Rua Moisés Tristão dos Santos',82),(1316,'12230088','Rua João Fonseca dos Santos',82),(1317,'12230089','Rua Mário Valério Camargo',82),(1318,'12230091','Rua Paulo da Silva Santos',82),(1319,'12230100','Rua Maricá',180),(1320,'12230110','Rua Barra Velha',180),(1321,'12230111','Rua Lagoinha',180),(1322,'12230120','Rua das Cigarras',180),(1323,'12230130','Rua Bambui',180),(1324,'12230140','Rua Cisne',180),(1325,'12230150','Rua Sapoti',180),(1326,'12230160','Rua Regulus',180),(1327,'12230170','Rua Tucuma',180),(1328,'12230180','Rua Gemini',180),(1329,'12230190','Rua Procion',180),(1330,'12230200','Rua Arturus',180),(1331,'12230210','Rua Aires',180),(1332,'12230220','Rua Libra',180),(1333,'12230230','Rua Altair',180),(1334,'12230240','Rua Polar',180),(1335,'12230250','Rua Antares',180),(1336,'12230260','Rua Pegaso',180),(1337,'12230270','Rua Carangola',180),(1338,'12230280','Rua Sirius',180),(1339,'12230290','Rua Andaraí',180),(1340,'12230300','Avenida Doutor Sebastião Henrique da Cunha Pontes',180),(1341,'12230310','Rua Pleiades',180),(1342,'12230320','Rua Castor',180),(1343,'12230330','Rua Auriflama',180),(1344,'12230340','Rua Gravataí',180),(1345,'12230341','Travessa Pirituba',180),(1346,'12230350','Rua Araribóia',180),(1347,'12230351','Rua Boituva',180),(1348,'12230360','Rua Apeninos',180),(1349,'12230370','Rua Pollux',180),(1350,'12230380','Rua Auriga',180),(1351,'12230390','Rua Eridanus',180),(1352,'12230400','Rua Aldebaram',180),(1353,'12230410','Rua Delfim',180),(1354,'12230420','Rua Virgem',180),(1355,'12230430','Rua Vega',180),(1356,'12230440','Rua Carina',180),(1357,'12230450','Rua Draco',180),(1358,'12230460','Rua Canopus',180),(1359,'12230470','Avenida Perseu',180),(1360,'12230480','Rua Estrela Dalva',180),(1361,'12230490','Rua Volans',180),(1362,'12230491','Praça Arlindo Fernandes',180),(1363,'12230492','Praça Pireu',180),(1364,'12230493','Rua Botelhos',180),(1365,'12230494','Rua Caeté',180),(1366,'12230500','Rua Galícia',180),(1367,'12230510','Avenida Urupês',180),(1368,'12230520','Rua Licorne',180),(1369,'12230530','Rua Scutum',180),(1370,'12230531','Rua Brasópolis',180),(1371,'12230532','Praça Deolinda de Abreu Lima',180),(1372,'12230540','Rua Pisces',180),(1373,'12230550','Rua Crater',180),(1374,'12230551','Rua Cotegipe',180),(1375,'12230560','Rua Galgos',180),(1376,'12230570','Rua Scorpius',180),(1377,'12230571','Rua Cataguazes',180),(1378,'12230580','Rua Marcabe',180),(1379,'12230590','Rua Scultor',180),(1380,'12230600','Rua Lira',180),(1381,'12230610','Rua Cefeu',180),(1382,'12230611','Rua Hiades',180),(1383,'12230612','Rua Bogari',180),(1384,'12230620','Rua Leão',180),(1385,'12230621','Praça Cândido Bertolini',180),(1386,'12230630','Rua Enseada',180),(1387,'12230640','Rua Cocanha',180),(1388,'12230650','Rua Massaguacu',180),(1389,'12230660','Rua Itambé',180),(1390,'12230670','Rua Nazaré',180),(1391,'12230680','Rua Maranduba',180),(1392,'12230690','Rua Martim de Sá',180),(1393,'12230700','Rua Iporanga',180),(1394,'12230710','Rua Bertioga',180),(1395,'12230720','Avenida Iguape',180),(1396,'12230730','Rua Cedral',180),(1397,'12230740','Rua Itapetinga',180),(1398,'12230750','Rua Ipiau',180),(1399,'12230760','Rua Buerarema',180),(1400,'12230770','Rua Ilhéus',180),(1401,'12230780','Rua Jequie',180),(1402,'12230790','Rua Itabuna',180),(1403,'12230800','Rua Cabo Frio',180),(1404,'12230810','Rua Itapoã',180),(1405,'12230820','Rua Pituba',180),(1406,'12230830','Rua Cruzália',180),(1407,'12230840','Rua Leticia',180),(1408,'12230841','Rua Antônio Ferro',180),(1409,'12230842','Rua Araxá',180),(1410,'12230843','Rua Benedito Ivo Filho',180),(1411,'12230844','Rua Ceteus',180),(1412,'12230845','Rua Coronel Delfino Ramos',180),(1413,'12230846','Rua Humberto Pinotti',180),(1414,'12230900','Rua Pedro Tursi, 200',180),(1415,'12230901','Rua Porto Novo, 300',180),(1416,'12230902','Rua Porto Novo, 40',180),(1417,'12230903','Rua Porto Novo, 220',180),(1418,'12230904','Rua Antares, 115',180),(1419,'12230905','Rua Polar, 20',180),(1420,'12230906','Avenida Andrômeda, 287',180),(1421,'12230970','Avenida Perseu, 683',180),(1422,'12230971','Avenida Andrômeda, 1469',180),(1423,'12231010','Rua Paraibuna',301),(1424,'12231020','Rua das Acácias',301),(1425,'12231030','Rua Taubaté',301),(1426,'12231040','Rua Caçapava',301),(1427,'12231050','Rua Jacareí',301),(1428,'12231060','Rua Jambeiro',301),(1429,'12231070','Rua Tremembê',301),(1430,'12231080','Rua Aparecida do Norte',303),(1431,'12231090','Rua Pindamonhangaba',303),(1432,'12231100','Avenida Marechal Henrique Teixeira Lott',301),(1433,'12231101','Rua Redenção da Serra',303),(1434,'12231120','Rua Guaratinguetá',303),(1435,'12231130','Rua Roseira',303),(1436,'12231131','Avenida Marginal B',301),(1437,'12231140','Rua Noruega',86),(1438,'12231150','Rua Letônia',86),(1439,'12231160','Rua Estônia',86),(1440,'12231168','Avenida Governador Mário Covas Júnior',86),(1441,'12231170','Rua Finlândia',86),(1442,'12231171','Rua Áustria',292),(1443,'12231180','Rua Suécia',301),(1444,'12231190','Rua Suíça',301),(1445,'12231200','Rua Dinamarca',86),(1446,'12231210','Rua Santa Ana',301),(1447,'12231220','Rua Santa Branca',301),(1448,'12231230','Avenida Heitor Villa Lobos',301),(1449,'12231240','Rua Lorena',303),(1450,'12231241','Rua Ana da Conceição de Souza',303),(1451,'12231250','Rua Oslo',301),(1452,'12231260','Rua Helsinque',301),(1453,'12231270','Praça Terezinha Cesar da Silva',303),(1454,'12231280','Rua Talim',86),(1455,'12231281','Praça Professor José Vieira de Macedo',86),(1456,'12231290','Rua Amsterdan',301),(1457,'12231300','Rua Dublim',86),(1458,'12231301','Avenida Um',86),(1459,'12231310','Rua Albânia',301),(1460,'12231320','Rua Romênia',301),(1461,'12231330','Praça Hungria',301),(1462,'12231340','Rua Grécia',301),(1463,'12231350','Rua Iuguslavia',301),(1464,'12231360','Rua Bulgária',301),(1465,'12231370','Rua Cuiabá',326),(1466,'12231380','Rua Araguaia',326),(1467,'12231390','Rua Aporé',326),(1468,'12231400','Rua Pelotas',326),(1469,'12231410','Rua Ivai',326),(1470,'12231420','Rua Iguaçu',326),(1471,'12231430','Rua Oiapoque',326),(1472,'12231440','Rua Aguapei',326),(1473,'12231450','Rua Itamonte',326),(1474,'12231460','Rua Paracatu',326),(1475,'12231470','Rua Guarai',326),(1476,'12231480','Rua Jacui',326),(1477,'12231490','Rua Parnaiba',326),(1478,'12231500','Rua Canindé',326),(1479,'12231510','Rua Paranapanema',326),(1480,'12231520','Rua Carinhanha',326),(1481,'12231530','Rua Jequitinhonha',326),(1482,'12231540','Rua Jaguaribe',326),(1483,'12231550','Rua Solimões',326),(1484,'12231560','Rua Xingu',326),(1485,'12231561','Praça Grajaú',326),(1486,'12231562','Praça Tietê',326),(1487,'12231563','Travessa dos Anjos',293),(1488,'12231565','Travessa Claudemir José Souza',293),(1489,'12231566','Travessa Dezesseis',293),(1490,'12231567','Travessa Orlinda Ferreira da Silva',293),(1491,'12231569','Travessa Bento Moreira',293),(1492,'12231570','Rua Japurá',326),(1493,'12231580','Rua Apa',326),(1494,'12231590','Rodovia Marechal-do-Ar Casimiro Montenegro Filho',326),(1495,'12231600','Rua Gurupi',326),(1496,'12231601','Rua Um',326),(1497,'12231602','Rua Paula M F Teixeira',326),(1498,'12231610','Rua Osvaldo Macedo Lecques',180),(1499,'12231630','Rua Luiz Gonzaga Sendretti',180),(1500,'12231640','Rua Pedro Martins de Toledo',180),(1501,'12231642','Rua Vasomiro Malaquias de Barros',180),(1502,'12231650','Rua Antônio Aleixo da Silva',180),(1503,'12231660','Rua Zacarias Silva',180),(1504,'12231670','Rua Antônio Joaquim de Alvarenga',180),(1505,'12231675','Avenida Cidade Jardim',180),(1506,'12231680','Rua Antônio Constantino',180),(1507,'12231690','Rua Mário Alves de Almeida',180),(1508,'12231700','Rua Demétrio Diacov',180),(1509,'12231710','Avenida Papa João Paulo I',180),(1510,'12231720','Rua Osvaldo Faria',180),(1511,'12231730','Rua Adolpho Castanho',180),(1512,'12231740','Rua Cesarina Della Dea Betti',180),(1513,'12231750','Rua Benedito Alves Moreira',180),(1514,'12231760','Rua Margarida F. dos Santos',180),(1515,'12231770','Rua Jaime Martins Xavier',180),(1516,'12231780','Rua Delfino Alves dos Santos',180),(1517,'12231790','Rua Avelina Faria Cursino',180),(1518,'12231800','Rua Marco Antônio dos Santos',180),(1519,'12231810','Rua José Guilherme de Almeida',180),(1520,'12231814','Rua Maria Asdente Rosin',180),(1521,'12231815','Rua Nelson Augusto Dalprat',180),(1522,'12231820','Rua Léa Maria Brandão Russo',180),(1523,'12231830','Rua José Pedro Perotti',180),(1524,'12231900','Avenida Papa João Paulo I, 501',180),(1525,'12231901','Avenida Cidade Jardim, 2261',180),(1526,'12232000','Avenida Cidade Jardim',162),(1527,'12232010','Rua Zildo Pimentel',122),(1528,'12232020','Rua José Firmino de Moraes',122),(1529,'12232030','Rua Paulino Blair',122),(1530,'12232040','Rua Breno de Moura',122),(1531,'12232045','Rua André Plusplatais',122),(1532,'12232050','Rua Elmano Ferreira Veloso',122),(1533,'12232053','Rua José Marini',122),(1534,'12232057','Rua Doutor Décio Lemes Campos',122),(1535,'12232060','Rua José Ivair de Souza',122),(1536,'12232070','Rua José Maria de Lima',122),(1537,'12232080','Rua Rosaria Rodrigues Alonso',122),(1538,'12232081','Rua Geraldo Ferreira Tavares',162),(1539,'12232086','Travessa Mogno',17),(1540,'12232090','Rua Alfredo Coslop',17),(1541,'12232091','Rua Felisbino Franco Rodrigues',17),(1542,'12232096','Travessa Mangabeira',17),(1543,'12232100','Rua José Rachid',17),(1544,'12232110','Rua Geraldo Ferreira Tavares',17),(1545,'12232111','Rua João Rodrigues',17),(1546,'12232112','Rua José Duarte',17),(1547,'12232120','Rua Durvalina da Gama Ferreira',17),(1548,'12232130','Rua Antônio Quirino',17),(1549,'12232140','Travessa dos Portugueses',162),(1550,'12232150','Rua Aparecida Boreli Melo',162),(1551,'12232151','Rua Zeferino Inácio Vieira',162),(1552,'12232160','Rua Tereza Alves Cursino',162),(1553,'12232170','Rua Wilma Vinhas Santos',162),(1554,'12232180','Rua Doutor Sérgio Santos',162),(1555,'12232181','Praça José Benedito Monteiro',162),(1556,'12232182','Rua Guilherme Lourenço',162),(1557,'12232190','Rua Luiz Marchetti',162),(1558,'12232200','Rua Doutor Milton Parodi',162),(1559,'12232210','Rua Alípio Ferreira Lourenço',162),(1560,'12232220','Rua Antônio Alves',162),(1561,'12232230','Rua Capitão Alípio Neves Barbosa',162),(1562,'12232231','Rua Manoel dos Santos Cabral',116),(1563,'12232232','Rua Maria José Gonçalves',116),(1564,'12232233','Rua João Benitez Gimenez',116),(1565,'12232234','Rua João Cassiano da Silva',116),(1566,'12232235','Rua João Rodrigues de Oliveira Figueiredo',116),(1567,'12232236','Rua Cleto dos Santos',116),(1568,'12232237','Rua Mário de Paula Ferreira',116),(1569,'12232238','Rua Agenor Xavier de Oliveira',116),(1570,'12232239','Rua José Bonifácio de Oliveira',116),(1571,'12232240','Rua Lazara Menezes de Oliveira',162),(1572,'12232250','Rua Benedito Alexandre Trindade',162),(1573,'12232260','Rua Doutor Carlos Alberto Fontenelle Moreira',162),(1574,'12232270','Rua José Domingos Auricchio',162),(1575,'12232271','Rua Vítor Alves Rabelo',162),(1576,'12232280','Rua Esmeralda Rondan',133),(1577,'12232281','Rua José Alves da Silva',133),(1578,'12232290','Rua Werner da Costa Coelho',133),(1579,'12232300','Rua Maria Ribeiro Martins',133),(1580,'12232310','Rua José Rodrigues Maia',162),(1581,'12232330','Rua José Alves Ribeiro Filho',17),(1582,'12232340','Rua Amâncio Mazzaropi',17),(1583,'12232341','Rua Cincinato Caetano da Silva',17),(1584,'12232342','Rua Tony Beik Frangio',17),(1585,'12232350','Rua Henrique Vinhas',17),(1586,'12232360','Praça José Carlos Bastos',17),(1587,'12232370','Rua Vanessa Marciano',17),(1588,'12232371','Rua Vera Lúcia Carnevalli Barreto',17),(1589,'12232380','Rua Lamartine Maia da Silva Torres',17),(1590,'12232390','Rua Professora Regina Rachid',17),(1591,'12232400','Rua Antenor Teodoro de Azevedo',17),(1592,'12232900','Rua Lamartine Maia da Silva Torres, 177',17),(1593,'12233000','Avenida Andrômeda',17),(1594,'12233001','Avenida Andrômeda',17),(1595,'12233002','Avenida Cidade Jardim',17),(1596,'12233003','Praça das Bandeiras',17),(1597,'12233010','Rua Alberto Alves Aguiar',17),(1598,'12233020','Rua Frederico Fiebig',17),(1599,'12233030','Rua Benedito Marcondes dos Santos',17),(1600,'12233040','Rua Antônio Campos Mello',17),(1601,'12233050','Rua Adhemar Prisco da Cunha',17),(1602,'12233060','Rua Eddie Maia Ramos',17),(1603,'12233080','Rua Orlando Marciano Leite',17),(1604,'12233090','Rua José Otávio Franco Bittencourt',17),(1605,'12233100','Rua Newton Vieira Novaes',17),(1606,'12233110','Rua Manoel Freire de Castro',17),(1607,'12233120','Rua Ignácio Trunkel',17),(1608,'12233130','Rua Benedito Pereira',17),(1609,'12233140','Rua Major Arnaldo Visoto',17),(1610,'12233150','Rua José Baruel da Rosa',17),(1611,'12233151','Rua Teodomiro Dias Pereira',17),(1612,'12233160','Rua José Bento de Moura',17),(1613,'12233161','Área Verde José Sanches Rodrigues',17),(1614,'12233170','Rua Sebastiana Monteiro',17),(1615,'12233180','Rua Bertolino Cezário dos Santos',17),(1616,'12233190','Rua São João Del Rei',17),(1617,'12233200','Rua Divinópolis',17),(1618,'12233210','Rua Centralina',17),(1619,'12233220','Rua Mariana',17),(1620,'12233230','Rua Lima Duarte',17),(1621,'12233240','Rua Corinto',17),(1622,'12233250','Rua Galiléia',17),(1623,'12233270','Rua Janauba',17),(1624,'12233280','Rua Planura',17),(1625,'12233290','Rua Viçosa',17),(1626,'12233300','Rua Espinosa',17),(1627,'12233310','Rua Itapecerica',17),(1628,'12233320','Rua Timóteo',17),(1629,'12233330','Rua Pedra Azul',17),(1630,'12233340','Rua Pouso Alegre',17),(1631,'12233350','Rua Lagoa da Prata',17),(1632,'12233360','Rua Frutal',17),(1633,'12233370','Rua Ipatinga',17),(1634,'12233380','Rua Aracuai',17),(1635,'12233390','Rua Lazara Augusta Silva Lisboa',17),(1636,'12233400','Avenida Ouro Fino',17),(1637,'12233401','Avenida Ouro Fino',17),(1638,'12233410','Rua Pedro Martins Ribeiro',17),(1639,'12233420','Rua Tatui',17),(1640,'12233430','Rua Vinhedo',17),(1641,'12233440','Rua Pompéia',17),(1642,'12233450','Rua Arujá',17),(1643,'12233460','Rua Cruzeiro',17),(1644,'12233461','Rua Bananal',17),(1645,'12233470','Rua Cananéia',17),(1646,'12233480','Rua Mirassol',17),(1647,'12233490','Rua Votuporanga',17),(1648,'12233500','Rua Ibiuna',17),(1649,'12233510','Rua Ministro José Geraldo Rodrigues Alkmin',17),(1650,'12233520','Rua Franca',17),(1651,'12233521','Rua Jacinto Gallo',17),(1652,'12233530','Rua Itanhomi',17),(1653,'12233540','Rua Teófilo Otoni',17),(1654,'12233550','Rua Nanuque',17),(1655,'12233560','Rua Conselheiro Lafaiete',17),(1656,'12233570','Rua Campos Altos',17),(1657,'12233580','Rua Ponte Nova',17),(1658,'12233590','Avenida Salinas',17),(1659,'12233591','Rua Itapeva',17),(1660,'12233592','Rua Pará de Minas',17),(1661,'12233593','Avenida Salinas',17),(1662,'12233594','Rua Montena',17),(1663,'12233595','Rua Iturama',17),(1664,'12233596','Rua Campo Belo',17),(1665,'12233597','Rua Andrelândia',17),(1666,'12233598','Rua Água Boa',17),(1667,'12233610','Rua Wladimir Herzog',17),(1668,'12233620','Rua José Friggi',17),(1669,'12233630','Rua José Armando de Oliveira Gomes',17),(1670,'12233640','Rua Maria Palmira Ferreira Ivo',17),(1671,'12233650','Rua Lins',17),(1672,'12233660','Rua Garça',17),(1673,'12233670','Rua Promissão',17),(1674,'12233680','Rua Jales',17),(1675,'12233690','Rua Manoel Fiel Filho',17),(1676,'12233700','Rua São Gotardo',17),(1677,'12233710','Rua José Peneluppi',17),(1678,'12233720','Rua Dimas Ferreira Ivo',17),(1679,'12233730','Rua Araras',17),(1680,'12233740','Rua Batatais',17),(1681,'12233750','Rua Valinhos',17),(1682,'12233760','Rua Palmital',17),(1683,'12233770','Rua Sumaré',17),(1684,'12233780','Rua Piraju',17),(1685,'12233790','Rua Doutor Oscar Strauss',17),(1686,'12233800','Rua Américo de Souza',17),(1687,'12233810','Rua Joaquim Silvério Neto',17),(1688,'12233820','Rua Salim Simão',17),(1689,'12233830','Rua José Eduardo Pivatto',17),(1690,'12233840','Rua Alberto da Silva Ramos',17),(1691,'12233841','Rua Avelino Pereira Lima',17),(1692,'12233842','Rua Canavieiras',17),(1693,'12233843','Rua Joaquim F. Silva',17),(1694,'12233844','Rua Roberto Alves de Aguiar',17),(1695,'12233845','Rua Rosario Tericugue Aquira',17),(1696,'12233900','Avenida Cidade Jardim, 3141',17),(1697,'12234000','Rua Carlos Nunes de Paula',126),(1698,'12234001','Estrada do Imperador',108),(1699,'12234002','Rua Edesio Soares',108),(1700,'12234003','Rua Ester de Oliveira',108),(1701,'12234004','Rua Álvaro Lordello',108),(1702,'12234005','Rua Iran Faria Siqueira',108),(1703,'12234006','Rua Edesia Gonçalves Neves',108),(1704,'12234007','Rua Marlene Aparecida de Jesus',126),(1705,'12234008','Rua São Fidélis',108),(1706,'12234010','Avenida Dom Pedro I',126),(1707,'12234020','Rua Almirante Barroso',126),(1708,'12234030','Praça Antônio Moreira Vita',126),(1709,'12234040','Rua Ramon Ovalle',126),(1710,'12234050','Rua Fábio Schneider',126),(1711,'12234051','Rua Maria Aparecida Azevedo',126),(1712,'12234060','Rua Sílvio Gallicho',126),(1713,'12234070','Rua Felisbina de Souza Machado',126),(1714,'12234080','Rua Cônego José Romão da Rosa Góes',126),(1715,'12234090','Rua Gerôncio Marcondes',126),(1716,'12234100','Rua Dom João VI',126),(1717,'12234110','Praça Otávio Del Nero',126),(1718,'12234120','Praça Francisco Lopes Azevedo',126),(1719,'12234130','Rua José Aulisio',126),(1720,'12234140','Rua Padre Nóbrega',126),(1721,'12234150','Rua Júlio Baranov',126),(1722,'12234160','Praça Aurora Marcondes Pereira',126),(1723,'12234170','Rua Onofre José dos Reis',126),(1724,'12234180','Rua Luiz Gonzaga Azevedo',126),(1725,'12234190','Rua Roberto Baranov',126),(1726,'12234201','Rua Caramuru',108),(1727,'12234210','Rua Emanuel Rosemberg',126),(1728,'12234220','Rua Manoel Augusto Amaral',126),(1729,'12234230','Praça Francisco Silvério',126),(1730,'12234240','Rua Manoel Mariano',126),(1731,'12234250','Rua José Roberto Ferrari',126),(1732,'12234260','Rua Durval de Melo',126),(1733,'12234261','Rua Durval S Aguiar',126),(1734,'12234262','Rua Luís Gonzaga Alves',126),(1735,'12234263','Rua Três Irmãos',126),(1736,'12234270','Avenida Napoleão Bonaparte',108),(1737,'12234271','Praça Moreira Vita',108),(1738,'12234280','Rua Joaquim Bueno de Vasconcelos',108),(1739,'12234290','Rua José Simão',108),(1740,'12234300','Rua Anacleto Deolindo Liberato',108),(1741,'12234310','Rua Gustavo Sonnewend Filho',108),(1742,'12234320','Rua Cantagalo',108),(1743,'12234330','Rua Coronel Palimerico Resende',108),(1744,'12234331','Rua Monte Verde',108),(1745,'12234350','Rua Pureza',108),(1746,'12234360','Rua Baltazar',108),(1747,'12234370','Rua Celina',108),(1748,'12234380','Rua Ermerentina Carvalho Campos',126),(1749,'12234390','Rua Geraldo Chaves',126),(1750,'12234400','Rua Marquês de Maricá',126),(1751,'12234420','Rua João Muzzaco',108),(1752,'12234430','Rua Menotti Zeccheto',126),(1753,'12234440','Praça Bertolino Claudio',108),(1754,'12234460','Rua Maria Tereza Cardoso Batista',126),(1755,'12234470','Rua José Anconi',108),(1756,'12234471','Rua P',126),(1757,'12234785','Avenida Um',119),(1758,'12234786','Avenida Dois',119),(1759,'12234787','Rua Benedito Ferreira dos Santos',119),(1760,'12234788','Rua Osvaldo Gonçalves Toledo',119),(1761,'12234789','Rua João da Rosa Alves',119),(1762,'12234790','Rua Luiz Roberto dos Santos',119),(1763,'12234791','Rua Urbano Ezequiel das Neves',119),(1764,'12234792','Rua Benedita Marques das Neves',119),(1765,'12234793','Rua Amado Conceição Silva Rosário',119),(1766,'12234794','Rua Waldemar Oliveira',119),(1767,'12234795','Rua Valentina da Conceição',119),(1768,'12234796','Rua Claudnei Marcondes Cordeiro',119),(1769,'12234797','Rua Toshiyassu Watanabe',119),(1770,'12234798','Rua Isamu Hayashi',119),(1771,'12234799','Rua Francisco Cassiano de Pontes',119),(1772,'12234825','Avenida Eugênia da Silva',164),(1773,'12234826','Rua João de Aquino',164),(1774,'12234827','Rua Josefa Paulino Ramos da Silva',164),(1775,'12234828','Rua Alcides Moreira de Paula',164),(1776,'12234829','Rua Orlandino de Paula Pereira',164),(1777,'12234830','Avenida José Benedicto Marinho de Souza',164),(1778,'12234831','Rua Oscar Ferreira Silva',164),(1779,'12234832','Rua Confrade João Pereira dos Santos',164),(1780,'12234833','Rua Confrade José Simão Viana',164),(1781,'12234834','Rua Rômulo Séllos Rodrigues',164),(1782,'12234835','Rua Vanderlei Alexandre da Silva',164),(1783,'12234836','Rua Almir Arnaldo de Alencar',164),(1784,'12234837','Rua José Marinho do Nascimento',164),(1785,'12234838','Rua Jacira Barbosa de Araújo',164),(1786,'12234840','Avenida Confrade Geraldino Gabriel da Silva',164),(1787,'12234850','Rua Dominga Senhora de Jesus',150),(1788,'12234852','Rua Patrícia Maria Hipólito',150),(1789,'12234854','Rua David Felix de Souza',150),(1790,'12234856','Rua José de Anchieta Carvalho',150),(1791,'12234858','Rua Amanda Gabrielle Friggi',150),(1792,'12234860','Rua Nelson Karatanasov',150),(1793,'12234862','Avenida Cabo Lúcio Mauro da Silva Moreira',150),(1794,'12234864','Avenida Três',150),(1795,'12234866','Rua Mario Cordeiro',150),(1796,'12234868','Rua Voluntários do Rotary',150),(1797,'12234870','Rua Osvaldo Caldardo',150),(1798,'12234874','Avenida Cecilia Lucio de Almeida Mota',150),(1799,'12234876','Rua Adelmo Liberato',150),(1800,'12234878','Rua Maestro Darcy Rogériio Claudino',150);
/*!40000 ALTER TABLE `rua` ENABLE KEYS */;
UNLOCK TABLES;

--
-- Table structure for table `solicitante`
--

DROP TABLE IF EXISTS `solicitante`;
/*!40101 SET @saved_cs_client     = @@character_set_client */;
/*!40101 SET character_set_client = utf8 */;
CREATE TABLE `solicitante` (
  `id` int(11) NOT NULL AUTO_INCREMENT,
  `email` varchar(255) DEFAULT NULL,
  `nome` varchar(255) DEFAULT NULL,
  `numero_residencia` int(11) DEFAULT NULL,
  `tipo` int(11) DEFAULT NULL,
  `rua_id` int(11) DEFAULT NULL,
  PRIMARY KEY (`id`),
  KEY `FKqvb12bhwvenwxufmhrcuqbbp9` (`rua_id`)
) ENGINE=MyISAM AUTO_INCREMENT=7 DEFAULT CHARSET=latin1;
/*!40101 SET character_set_client = @saved_cs_client */;

--
-- Dumping data for table `solicitante`
--

LOCK TABLES `solicitante` WRITE;
/*!40000 ALTER TABLE `solicitante` DISABLE KEYS */;
INSERT INTO `solicitante` VALUES (1,'programacaoacm@gmail.com','José',101,1,1),(2,'programacaoacm@gmail.com','Antonio',102,3,2),(3,'programacaoacm@gmail.com','Samu',1003,2,3),(4,'programacaoacm@gmail.com','Felipe',101,1,4),(5,'programacaoacm@gmail.com','Claudio',102,3,5),(6,'programacaoacm@gmail.com','UBS',1003,2,6);
/*!40000 ALTER TABLE `solicitante` ENABLE KEYS */;
UNLOCK TABLES;

--
-- Table structure for table `telefone`
--

DROP TABLE IF EXISTS `telefone`;
/*!40101 SET @saved_cs_client     = @@character_set_client */;
/*!40101 SET character_set_client = utf8 */;
CREATE TABLE `telefone` (
  `solicitante_id` int(11) NOT NULL,
  `telefones` varchar(255) DEFAULT NULL,
  KEY `FK1fkpgmyvlkfm3mt3avxi7vx9r` (`solicitante_id`)
) ENGINE=MyISAM DEFAULT CHARSET=latin1;
/*!40101 SET character_set_client = @saved_cs_client */;

--
-- Dumping data for table `telefone`
--

LOCK TABLES `telefone` WRITE;
/*!40000 ALTER TABLE `telefone` DISABLE KEYS */;
INSERT INTO `telefone` VALUES (1,'4263541'),(1,'78749855'),(1,'78536966'),(2,'78549525'),(3,'78549417'),(3,'463254154'),(3,'78369855'),(3,'4782541'),(4,'78146925'),(5,'462687154'),(6,'461463154');
/*!40000 ALTER TABLE `telefone` ENABLE KEYS */;
UNLOCK TABLES;

--
-- Table structure for table `url_foto`
--

DROP TABLE IF EXISTS `url_foto`;
/*!40101 SET @saved_cs_client     = @@character_set_client */;
/*!40101 SET character_set_client = utf8 */;
CREATE TABLE `url_foto` (
  `relatorio_id` int(11) NOT NULL,
  `url_foto` varchar(255) DEFAULT NULL,
  KEY `FK732ckxcn2v4orktufmqrxvatv` (`relatorio_id`)
) ENGINE=MyISAM DEFAULT CHARSET=latin1;
/*!40101 SET character_set_client = @saved_cs_client */;

--
-- Dumping data for table `url_foto`
--

LOCK TABLES `url_foto` WRITE;
/*!40000 ALTER TABLE `url_foto` DISABLE KEYS */;
/*!40000 ALTER TABLE `url_foto` ENABLE KEYS */;
UNLOCK TABLES;
/*!40103 SET TIME_ZONE=@OLD_TIME_ZONE */;

/*!40101 SET SQL_MODE=@OLD_SQL_MODE */;
/*!40014 SET FOREIGN_KEY_CHECKS=@OLD_FOREIGN_KEY_CHECKS */;
/*!40014 SET UNIQUE_CHECKS=@OLD_UNIQUE_CHECKS */;
/*!40101 SET CHARACTER_SET_CLIENT=@OLD_CHARACTER_SET_CLIENT */;
/*!40101 SET CHARACTER_SET_RESULTS=@OLD_CHARACTER_SET_RESULTS */;
/*!40101 SET COLLATION_CONNECTION=@OLD_COLLATION_CONNECTION */;
/*!40111 SET SQL_NOTES=@OLD_SQL_NOTES */;

-- Dump completed on 2018-06-25 18:39:21
